Date,Country,City,Specie,count,min,max,median,variance
2022-01-01,GB,Coventry,humidity,72,80.1,92.7,85.5,114.35
2022-01-01,GB,Coventry,pm10,72,8.0,23.0,13.0,194.69
2022-01-01,GB,Coventry,pm25,72,25.0,56.0,38.0,931.69
2022-01-01,GB,Coventry,wind-speed,72,0.6,4.0,2.6,9.58
2022-01-02,GB,Coventry,humidity,72,80.7,94.1,86.3,144.48
2022-01-02,GB,Coventry,pm10,69,9.0,18.0,14.0,63.11
2022-01-02,GB,Coventry,pm25,62,21.0,52.0,37.0,577.9
2022-01-02,GB,Coventry,wind-speed,72,0.1,3.9,2.2,10.85
2022-01-03,GB,Coventry,wind-speed,72,0.2,6.7,2.6,30.04
2022-01-03,GB,Coventry,pm25,70,27.0,46.0,34.0,151.35
2022-01-03,GB,Coventry,humidity,72,78.5,90.9,86.3,70.54
2022-01-03,GB,Coventry,pm10,68,10.0,19.0,13.0,32.03
2022-01-04,GB,Coventry,humidity,72,63.8,95.0,84.0,1046.88
2022-01-04,GB,Coventry,pm10,68,8.0,17.0,10.0,37.69
2022-01-04,GB,Coventry,pm25,58,17.0,40.0,25.0,237.39
2022-01-04,GB,Coventry,wind-speed,66,0.1,5.3,3.1,19.06
2022-01-05,GB,Coventry,humidity,72,69.5,97.1,81.9,545.87
2022-01-05,GB,Coventry,pm10,72,5.0,21.0,10.0,148.73
2022-01-05,GB,Coventry,pm25,71,14.0,62.0,23.0,1759.14
2022-01-05,GB,Coventry,wind-speed,60,0.1,4.4,2.5,16.37
2022-01-06,GB,Coventry,wind-speed,49,0.4,3.9,2.1,7.9
2022-01-06,GB,Coventry,pm25,50,33.0,61.0,42.0,525.96
2022-01-06,GB,Coventry,humidity,72,77.0,99.0,90.9,427.59
2022-01-06,GB,Coventry,pm10,47,10.0,20.0,13.0,47.28
2022-01-07,GB,Coventry,humidity,72,74.0,93.0,84.7,191.99
2022-01-07,GB,Coventry,pm10,49,6.0,10.0,8.0,14.81
2022-01-07,GB,Coventry,pm25,57,17.0,30.0,21.0,177.09
2022-01-07,GB,Coventry,wind-speed,72,0.1,6.7,3.0,37.82
2022-01-08,GB,Coventry,wind-speed,62,0.1,9.3,2.3,41.38
2022-01-08,GB,Coventry,humidity,66,77.7,96.0,91.6,292.38
2022-01-08,GB,Coventry,pm10,65,5.0,18.0,7.0,72.46
2022-01-08,GB,Coventry,pm25,60,17.0,53.0,22.0,533.89
2022-01-09,GB,Coventry,humidity,72,74.5,96.0,88.3,405.63
2022-01-09,GB,Coventry,pm10,71,7.0,18.0,9.0,101.1
2022-01-09,GB,Coventry,pm25,50,18.0,57.0,25.0,1745.57
2022-01-09,GB,Coventry,wind-speed,24,0.1,2.0,0.8,3.57
2022-01-10,GB,Coventry,pm25,67,37.0,61.0,47.0,245.25
2022-01-10,GB,Coventry,wind-speed,45,0.4,1.4,1.0,0.95
2022-01-10,GB,Coventry,humidity,72,89.6,96.8,95.0,65.33
2022-01-10,GB,Coventry,pm10,68,11.0,19.0,14.0,31.18
2022-01-11,GB,Coventry,pm25,65,16.0,64.0,42.0,859.22
2022-01-11,GB,Coventry,wind-speed,45,0.1,1.7,1.0,2.2
2022-01-11,GB,Coventry,humidity,72,84.1,97.0,92.5,225.21
2022-01-11,GB,Coventry,pm10,71,4.0,24.0,13.0,165.01
2022-01-12,GB,Coventry,humidity,72,82.6,99.0,97.4,256.56
2022-01-12,GB,Coventry,pm10,61,10.0,22.0,17.0,71.14
2022-01-12,GB,Coventry,pm25,60,34.0,69.0,53.0,486.38
2022-01-12,GB,Coventry,wind-speed,9,0.1,0.3,0.2,0.08
2022-01-13,GB,Coventry,humidity,72,80.0,99.0,97.0,369.46
2022-01-13,GB,Coventry,pm10,61,15.0,73.0,19.0,659.89
2022-01-13,GB,Coventry,pm25,63,55.0,102.0,60.0,1012.53
2022-01-13,GB,Coventry,wind-speed,3,0.2,0.2,0.2,0.0
2022-01-14,GB,Coventry,pm25,69,61.0,131.0,75.0,1610.62
2022-01-14,GB,Coventry,pm10,69,20.0,49.0,25.0,353.02
2022-01-14,GB,Coventry,humidity,72,96.0,99.0,98.0,7.78
2022-01-15,GB,Coventry,humidity,72,96.0,99.0,99.0,10.89
2022-01-15,GB,Coventry,pm10,61,28.0,41.0,31.0,120.32
2022-01-15,GB,Coventry,pm25,61,82.0,111.0,89.0,523.3
2022-01-16,GB,Coventry,wind-speed,27,0.3,3.0,1.6,7.37
2022-01-16,GB,Coventry,humidity,69,72.5,99.0,93.1,871.57
2022-01-16,GB,Coventry,pm10,67,18.0,34.0,26.0,138.25
2022-01-16,GB,Coventry,pm25,66,57.0,95.0,78.0,748.4
2022-01-17,GB,Coventry,wind-speed,9,0.4,1.0,0.5,0.77
2022-01-17,GB,Coventry,pm25,72,34.0,91.0,52.0,1529.29
2022-01-17,GB,Coventry,humidity,72,73.7,99.0,94.7,673.73
2022-01-17,GB,Coventry,pm10,72,13.0,34.0,17.0,216.04
2022-01-18,GB,Coventry,humidity,72,90.0,99.0,96.0,81.81
2022-01-18,GB,Coventry,pm10,61,15.0,42.0,20.0,145.84
2022-01-18,GB,Coventry,pm25,57,52.0,88.0,65.0,400.02
2022-01-18,GB,Coventry,wind-speed,15,0.1,0.6,0.4,0.32
2022-01-19,GB,Coventry,humidity,72,65.6,98.6,87.6,1065.97
2022-01-19,GB,Coventry,pm10,55,14.0,25.0,19.0,72.61
2022-01-19,GB,Coventry,pm25,62,50.0,75.0,59.0,438.07
2022-01-19,GB,Coventry,wind-speed,66,0.4,7.2,1.4,41.43
2022-01-20,GB,Coventry,wind-speed,66,0.1,3.7,0.7,15.62
2022-01-20,GB,Coventry,pm25,59,28.0,66.0,38.0,617.71
2022-01-20,GB,Coventry,pm10,65,11.0,24.0,15.0,119.85
2022-01-20,GB,Coventry,humidity,72,56.7,92.5,75.9,1357.36
2022-01-21,GB,Coventry,humidity,72,76.9,94.7,80.8,347.12
2022-01-21,GB,Coventry,pm10,65,12.0,26.0,17.0,104.85
2022-01-21,GB,Coventry,pm25,62,34.0,72.0,50.0,1043.77
2022-01-21,GB,Coventry,wind-speed,45,0.2,4.0,1.8,18.02
2022-01-22,GB,Coventry,wind-speed,66,0.3,4.1,2.1,11.9
2022-01-22,GB,Coventry,humidity,72,74.1,80.6,79.4,28.61
2022-01-22,GB,Coventry,pm10,71,6.0,19.0,11.0,64.23
2022-01-22,GB,Coventry,pm25,69,20.0,64.0,38.0,819.65
2022-01-23,GB,Coventry,pm25,68,30.0,73.0,46.0,1417.74
2022-01-23,GB,Coventry,wind-speed,24,0.1,0.4,0.3,0.12
2022-01-23,GB,Coventry,humidity,72,81.0,85.3,83.5,12.31
2022-01-23,GB,Coventry,pm10,65,8.0,23.0,12.0,184.44
2022-01-24,GB,Coventry,humidity,72,77.3,85.0,82.2,59.0
2022-01-24,GB,Coventry,pm10,72,18.0,36.0,22.0,227.45
2022-01-24,GB,Coventry,pm25,72,61.0,94.0,70.0,699.56
2022-01-24,GB,Coventry,wind-speed,6,0.1,0.2,0.1,0.03
2022-01-25,GB,Coventry,pm25,62,76.0,92.0,85.0,140.03
2022-01-25,GB,Coventry,wind-speed,21,0.1,1.2,0.7,1.68
2022-01-25,GB,Coventry,humidity,72,82.0,89.0,85.4,37.66
2022-01-25,GB,Coventry,pm10,61,27.0,43.0,30.0,45.96
2022-01-26,GB,Coventry,humidity,72,70.1,91.6,81.9,414.9
2022-01-26,GB,Coventry,pm10,61,22.0,35.0,28.0,76.52
2022-01-26,GB,Coventry,pm25,59,65.0,91.0,78.0,381.78
2022-01-26,GB,Coventry,wind-speed,45,0.1,2.1,1.2,3.58
2022-01-27,GB,Coventry,wind-speed,66,0.2,6.5,1.6,40.27
2022-01-27,GB,Coventry,humidity,72,58.7,93.1,85.0,1060.05
2022-01-27,GB,Coventry,pm10,72,9.0,26.0,14.0,197.81
2022-01-27,GB,Coventry,pm25,72,21.0,72.0,43.0,1717.09
2022-01-28,GB,Coventry,pm25,69,21.0,54.0,38.0,537.93
2022-01-28,GB,Coventry,wind-speed,45,0.2,2.5,0.9,5.05
2022-01-28,GB,Coventry,humidity,72,77.0,97.7,90.5,376.09
2022-01-28,GB,Coventry,pm10,65,8.0,17.0,11.0,37.84
2022-01-29,GB,Coventry,humidity,72,55.6,86.2,74.6,977.32
2022-01-29,GB,Coventry,pm10,71,2.0,21.0,9.0,177.52
2022-01-29,GB,Coventry,pm25,67,5.0,45.0,29.0,694.59
2022-01-29,GB,Coventry,wind-speed,72,1.0,8.0,2.9,45.33
2022-01-30,GB,Coventry,humidity,72,64.8,96.4,78.6,872.27
2022-01-30,GB,Coventry,pm10,70,10.0,18.0,13.0,35.05
2022-01-30,GB,Coventry,pm25,72,27.0,44.0,33.0,122.86
2022-01-30,GB,Coventry,wind-speed,54,0.1,8.3,1.4,50.43
2022-01-31,GB,Coventry,wind-speed,66,0.4,10.4,6.3,85.02
2022-01-31,GB,Coventry,pm25,66,11.0,34.0,26.0,192.69
2022-01-31,GB,Coventry,pm10,65,5.0,17.0,11.0,60.04
2022-01-31,GB,Coventry,humidity,72,53.8,84.5,70.3,934.13
2022-02-01,GB,Coventry,humidity,72,57.7,89.9,74.7,1066.67
2022-02-01,GB,Coventry,pm10,66,2.0,11.0,8.0,42.03
2022-02-01,GB,Coventry,pm25,45,4.0,25.0,17.0,303.4
2022-02-01,GB,Coventry,wind-speed,72,0.1,5.7,2.0,25.93
2022-02-02,GB,Coventry,wind-speed,57,0.1,2.6,1.0,4.34
2022-02-02,GB,Coventry,humidity,72,78.3,92.6,83.1,203.69
2022-02-02,GB,Coventry,pm10,63,2.0,14.0,5.0,81.86
2022-02-02,GB,Coventry,pm25,65,4.0,45.0,9.0,1024.91
2022-02-03,GB,Coventry,pm25,37,17.0,42.0,21.0,595.33
2022-02-03,GB,Coventry,wind-speed,72,0.5,5.6,1.5,18.74
2022-02-03,GB,Coventry,humidity,72,68.0,91.5,83.0,416.59
2022-02-03,GB,Coventry,pm10,49,4.0,13.0,8.0,32.72
2022-02-04,GB,Coventry,humidity,72,60.5,93.4,84.0,865.31
2022-02-04,GB,Coventry,pm10,63,5.0,11.0,6.0,15.3
2022-02-04,GB,Coventry,pm25,70,13.0,24.0,14.0,96.69
2022-02-04,GB,Coventry,wind-speed,63,0.2,7.0,3.9,44.62
2022-02-05,GB,Coventry,humidity,72,71.0,89.0,83.0,225.58
2022-02-05,GB,Coventry,pm10,69,5.0,11.0,8.0,21.69
2022-02-05,GB,Coventry,pm25,72,12.0,37.0,19.0,234.64
2022-02-05,GB,Coventry,wind-speed,72,0.3,5.7,3.9,29.53
2022-02-06,GB,Coventry,wind-speed,72,1.6,7.4,4.6,26.9
2022-02-06,GB,Coventry,pm25,45,7.0,36.0,16.0,605.71
2022-02-06,GB,Coventry,humidity,72,67.5,91.9,80.0,668.2
2022-02-06,GB,Coventry,pm10,59,3.0,14.0,6.0,77.05
2022-02-07,GB,Coventry,humidity,72,73.6,95.6,86.3,397.22
2022-02-07,GB,Coventry,pm10,67,6.0,18.0,10.0,68.23
2022-02-07,GB,Coventry,pm25,66,16.0,38.0,24.0,270.4
2022-02-07,GB,Coventry,wind-speed,57,0.2,4.0,1.6,10.34
2022-02-08,GB,Coventry,humidity,72,72.2,83.5,80.2,111.35
2022-02-08,GB,Coventry,pm10,60,5.0,11.0,8.0,16.43
2022-02-08,GB,Coventry,pm25,52,11.0,25.0,17.0,75.18
2022-02-08,GB,Coventry,wind-speed,72,1.3,3.8,2.5,4.44
2022-02-09,GB,Coventry,wind-speed,54,0.4,3.7,1.5,9.58
2022-02-09,GB,Coventry,pm25,52,9.0,41.0,15.0,270.78
2022-02-09,GB,Coventry,pm10,57,4.0,12.0,6.0,30.6
2022-02-09,GB,Coventry,humidity,72,73.7,87.5,77.2,247.76
2022-02-10,GB,Coventry,humidity,72,54.0,85.7,78.0,996.86
2022-02-10,GB,Coventry,pm10,72,6.0,26.0,9.0,87.76
2022-02-10,GB,Coventry,pm25,67,14.0,70.0,18.0,705.83
2022-02-10,GB,Coventry,wind-speed,42,0.4,5.8,1.6,32.66
2022-02-11,GB,Coventry,wind-speed,33,0.1,1.8,1.0,3.21
2022-02-11,GB,Coventry,humidity,72,60.4,85.8,80.3,726.84
2022-02-11,GB,Coventry,pm10,57,8.0,21.0,12.0,85.89
2022-02-11,GB,Coventry,pm25,60,21.0,45.0,27.0,353.84
2022-02-12,GB,Coventry,wind-speed,72,1.6,6.2,3.9,17.25
2022-02-12,GB,Coventry,pm25,48,21.0,31.0,25.0,67.22
2022-02-12,GB,Coventry,pm10,61,9.0,17.0,10.0,24.83
2022-02-12,GB,Coventry,humidity,72,63.0,90.8,80.4,722.5
2022-02-13,GB,Coventry,wind-speed,69,0.8,5.6,3.8,17.48
2022-02-13,GB,Coventry,humidity,72,84.6,94.7,91.0,67.56
2022-02-13,GB,Coventry,pm10,59,1.0,10.0,6.0,40.29
2022-02-13,GB,Coventry,pm25,55,3.0,24.0,17.0,185.91
2022-02-14,GB,Coventry,pm25,53,5.0,17.0,9.0,153.06
2022-02-14,GB,Coventry,wind-speed,69,0.3,4.7,2.6,18.32
2022-02-14,GB,Coventry,humidity,72,77.4,95.0,81.9,231.74
2022-02-14,GB,Coventry,pm10,57,2.0,7.0,3.0,18.73
2022-02-15,GB,Coventry,pm25,63,12.0,46.0,15.0,826.29
2022-02-15,GB,Coventry,wind-speed,66,0.3,4.0,1.2,9.55
2022-02-15,GB,Coventry,humidity,72,84.8,93.0,89.8,71.16
2022-02-15,GB,Coventry,pm10,69,4.0,16.0,6.0,70.58
2022-02-16,GB,Coventry,humidity,72,68.2,91.9,75.0,649.75
2022-02-16,GB,Coventry,pm10,61,6.0,18.0,8.0,124.34
2022-02-16,GB,Coventry,pm25,52,17.0,51.0,21.0,1178.63
2022-02-16,GB,Coventry,wind-speed,72,3.1,8.1,5.1,14.92
2022-02-17,GB,Coventry,humidity,72,55.0,84.1,67.9,568.91
2022-02-17,GB,Coventry,pm10,67,7.0,15.0,9.0,32.42
2022-02-17,GB,Coventry,pm25,54,17.0,36.0,22.0,269.96
2022-02-17,GB,Coventry,wind-speed,63,0.1,6.0,4.1,23.87
2022-02-18,GB,Coventry,wind-speed,72,0.8,11.5,5.4,93.32
2022-02-18,GB,Coventry,pm25,58,17.0,43.0,21.0,473.76
2022-02-18,GB,Coventry,humidity,72,59.2,94.0,72.6,1139.83
2022-02-18,GB,Coventry,pm10,63,8.0,18.0,9.0,66.08
2022-02-19,GB,Coventry,humidity,72,68.8,90.4,80.1,382.66
2022-02-19,GB,Coventry,pm10,58,7.0,13.0,8.0,16.49
2022-02-19,GB,Coventry,pm25,54,17.0,48.0,17.0,200.28
2022-02-19,GB,Coventry,wind-speed,60,0.8,7.4,2.4,32.5
2022-02-20,GB,Coventry,humidity,72,69.1,92.0,82.6,332.78
2022-02-20,GB,Coventry,pm10,51,6.0,17.0,8.0,94.87
2022-02-20,GB,Coventry,pm25,46,17.0,48.0,24.0,962.88
2022-02-20,GB,Coventry,wind-speed,72,2.9,8.8,4.8,25.85
2022-02-21,GB,Coventry,wind-speed,66,0.1,12.0,6.7,156.74
2022-02-21,GB,Coventry,pm25,48,16.0,50.0,29.0,844.53
2022-02-21,GB,Coventry,humidity,72,60.3,81.9,70.8,328.26
2022-02-21,GB,Coventry,pm10,48,6.0,21.0,12.0,182.69
2022-02-22,GB,Coventry,humidity,72,54.9,92.0,80.3,1037.72
2022-02-22,GB,Coventry,pm10,60,10.0,21.0,14.0,39.22
2022-02-22,GB,Coventry,pm25,52,30.0,54.0,36.0,255.06
2022-02-22,GB,Coventry,wind-speed,60,0.4,8.3,2.7,51.07
2022-02-23,GB,Coventry,wind-speed,63,0.1,5.8,4.8,42.63
2022-02-23,GB,Coventry,humidity,72,68.5,90.9,79.0,519.54
2022-02-23,GB,Coventry,pm10,56,7.0,14.0,10.0,17.84
2022-02-23,GB,Coventry,pm25,47,17.0,36.0,25.0,196.5
2022-02-24,GB,Coventry,humidity,72,57.5,93.0,75.4,1597.33
2022-02-24,GB,Coventry,pm10,57,4.0,11.0,6.0,34.63
2022-02-24,GB,Coventry,pm25,54,4.0,24.0,13.0,247.83
2022-02-24,GB,Coventry,wind-speed,72,0.1,7.6,2.6,45.3
2022-02-25,GB,Coventry,pm25,72,13.0,66.0,24.0,1485.13
2022-02-25,GB,Coventry,wind-speed,48,0.1,5.1,1.5,29.68
2022-02-25,GB,Coventry,humidity,72,54.7,88.0,76.5,1149.12
2022-02-25,GB,Coventry,pm10,72,6.0,41.0,11.0,426.05
2022-02-26,GB,Coventry,pm25,52,34.0,54.0,41.0,226.21
2022-02-26,GB,Coventry,wind-speed,48,0.1,4.8,2.3,23.22
2022-02-26,GB,Coventry,humidity,72,56.1,95.6,74.1,1891.6
2022-02-26,GB,Coventry,pm10,53,11.0,22.0,15.0,76.76
2022-02-27,GB,Coventry,wind-speed,69,0.1,4.9,2.2,16.14
2022-02-27,GB,Coventry,pm25,61,30.0,42.0,34.0,72.19
2022-02-27,GB,Coventry,humidity,72,51.2,84.9,68.8,1298.73
2022-02-27,GB,Coventry,pm10,64,10.0,13.0,11.0,7.26
2022-02-28,GB,Coventry,humidity,72,69.6,95.0,87.9,624.71
2022-02-28,GB,Coventry,pm10,54,8.0,23.0,14.0,129.59
2022-02-28,GB,Coventry,pm25,49,19.0,61.0,44.0,851.25
2022-02-28,GB,Coventry,wind-speed,63,0.1,4.3,1.5,13.2
2022-03-01,GB,Coventry,humidity,72,77.1,93.7,87.1,306.36
2022-03-01,GB,Coventry,pm10,69,4.0,13.0,11.0,23.71
2022-03-01,GB,Coventry,pm25,63,13.0,39.0,32.0,202.86
2022-03-01,GB,Coventry,wind-speed,72,0.2,4.8,4.0,28.84
2022-03-02,GB,Coventry,pm25,72,22.0,89.0,62.0,2926.94
2022-03-02,GB,Coventry,wind-speed,72,0.3,3.6,1.4,6.2
2022-03-02,GB,Coventry,humidity,72,87.8,95.8,93.0,37.7
2022-03-02,GB,Coventry,pm10,72,6.0,31.0,18.0,469.01
2022-03-03,GB,Coventry,humidity,72,77.0,93.7,88.6,293.32
2022-03-03,GB,Coventry,pm10,69,26.0,43.0,33.0,190.72
2022-03-03,GB,Coventry,pm25,60,76.0,107.0,93.0,650.12
2022-03-03,GB,Coventry,wind-speed,36,0.2,2.6,0.5,4.99
2022-03-04,GB,Coventry,wind-speed,72,0.5,4.5,2.9,13.39
2022-03-04,GB,Coventry,pm25,72,16.0,76.0,42.0,3558.86
2022-03-04,GB,Coventry,pm10,72,5.0,27.0,12.0,376.55
2022-03-04,GB,Coventry,humidity,72,64.7,94.0,84.6,956.86
2022-03-05,GB,Coventry,wind-speed,72,1.0,6.4,4.5,29.91
2022-03-05,GB,Coventry,pm25,46,17.0,41.0,24.0,312.44
2022-03-05,GB,Coventry,humidity,72,59.0,86.3,76.7,608.42
2022-03-05,GB,Coventry,pm10,54,7.0,12.0,8.0,14.23
2022-03-06,GB,Coventry,humidity,72,58.3,88.4,78.0,834.53
2022-03-06,GB,Coventry,pm10,60,8.0,52.0,11.0,304.21
2022-03-06,GB,Coventry,pm25,54,21.0,45.0,32.0,432.33
2022-03-06,GB,Coventry,wind-speed,63,0.4,5.3,3.2,18.34
2022-03-07,GB,Coventry,wind-speed,63,0.1,4.5,2.4,16.12
2022-03-07,GB,Coventry,humidity,72,56.4,90.8,75.3,1073.94
2022-03-07,GB,Coventry,pm10,61,8.0,25.0,9.0,235.06
2022-03-07,GB,Coventry,pm25,53,17.0,71.0,25.0,2721.96
2022-03-08,GB,Coventry,wind-speed,66,0.3,6.5,2.6,37.3
2022-03-08,GB,Coventry,pm25,72,57.0,86.0,70.0,445.79
2022-03-08,GB,Coventry,humidity,72,56.2,86.0,69.5,803.18
2022-03-08,GB,Coventry,pm10,72,20.0,33.0,25.0,113.8
2022-03-09,GB,Coventry,pm25,71,42.0,87.0,65.0,1093.83
2022-03-09,GB,Coventry,humidity,72,58.5,92.5,76.0,1179.52
2022-03-09,GB,Coventry,pm10,69,14.0,33.0,23.0,216.04
2022-03-09,GB,Coventry,wind-speed,66,0.5,5.9,3.0,27.57
2022-03-10,GB,Coventry,pm25,60,23.0,53.0,30.0,749.7
2022-03-10,GB,Coventry,wind-speed,72,0.2,4.8,2.6,21.0
2022-03-10,GB,Coventry,pm10,63,7.0,17.0,11.0,47.59
2022-03-10,GB,Coventry,humidity,72,62.6,80.1,76.1,277.51
2022-03-11,GB,Coventry,humidity,72,70.0,90.4,81.4,373.1
2022-03-11,GB,Coventry,pm10,55,10.0,16.0,13.0,19.14
2022-03-11,GB,Coventry,pm25,54,34.0,52.0,42.0,176.62
2022-03-11,GB,Coventry,wind-speed,72,1.4,6.0,3.0,18.59
2022-03-12,GB,Coventry,humidity,72,58.0,90.6,75.5,1170.81
2022-03-12,GB,Coventry,pm10,68,5.0,10.0,7.0,22.18
2022-03-12,GB,Coventry,pm25,65,13.0,34.0,21.0,390.14
2022-03-12,GB,Coventry,wind-speed,72,1.4,6.0,4.3,15.91
2022-03-13,GB,Coventry,wind-speed,57,0.6,5.9,4.1,17.85
2022-03-13,GB,Coventry,pm25,60,17.0,30.0,21.0,120.28
2022-03-13,GB,Coventry,pm10,63,6.0,13.0,8.0,42.08
2022-03-13,GB,Coventry,humidity,72,56.9,91.4,80.1,1309.31
2022-03-14,GB,Coventry,humidity,72,52.0,98.0,78.2,3005.49
2022-03-14,GB,Coventry,pm10,70,4.0,28.0,9.0,162.2
2022-03-14,GB,Coventry,pm25,58,13.0,51.0,25.0,504.55
2022-03-14,GB,Coventry,wind-speed,30,0.1,2.9,1.4,8.69
2022-03-15,GB,Coventry,humidity,72,49.6,94.0,75.1,2426.7
2022-03-15,GB,Coventry,pm10,69,10.0,26.0,14.0,120.97
2022-03-15,GB,Coventry,pm25,64,28.0,60.0,40.0,662.06
2022-03-15,GB,Coventry,wind-speed,30,0.4,3.0,1.2,7.97
2022-03-16,GB,Coventry,wind-speed,36,0.2,6.4,3.8,37.48
2022-03-16,GB,Coventry,pm25,66,54.0,96.0,62.0,1462.38
2022-03-16,GB,Coventry,humidity,72,84.1,94.7,90.5,75.36
2022-03-16,GB,Coventry,pm10,72,15.0,40.0,20.0,469.43
2022-03-17,GB,Coventry,humidity,72,61.1,95.5,82.5,1394.41
2022-03-17,GB,Coventry,pm10,71,6.0,20.0,11.0,144.09
2022-03-17,GB,Coventry,pm25,71,15.0,59.0,35.0,2276.28
2022-03-17,GB,Coventry,wind-speed,33,0.5,3.1,2.4,5.39
2022-03-18,GB,Coventry,pm25,61,28.0,55.0,38.0,379.37
2022-03-18,GB,Coventry,wind-speed,33,0.1,2.1,1.3,3.63
2022-03-18,GB,Coventry,humidity,72,50.6,98.0,75.5,3092.94
2022-03-18,GB,Coventry,pm10,65,10.0,19.0,12.0,40.4
2022-03-19,GB,Coventry,humidity,72,36.5,93.5,62.7,3592.15
2022-03-19,GB,Coventry,pm10,59,9.0,19.0,14.0,51.04
2022-03-19,GB,Coventry,pm25,53,30.0,59.0,46.0,574.36
2022-03-19,GB,Coventry,wind-speed,66,0.2,5.4,3.2,21.54
2022-03-20,GB,Coventry,wind-speed,48,0.5,4.0,2.0,7.43
2022-03-20,GB,Coventry,humidity,72,41.3,91.5,74.9,2909.8
2022-03-20,GB,Coventry,pm10,72,13.0,47.0,17.0,765.63
2022-03-20,GB,Coventry,pm25,71,38.0,105.0,52.0,3082.91
2022-03-21,GB,Coventry,pm25,68,85.0,121.0,95.0,711.77
2022-03-21,GB,Coventry,wind-speed,33,0.1,1.0,0.5,1.26
2022-03-21,GB,Coventry,humidity,72,47.9,98.0,65.4,3614.86
2022-03-21,GB,Coventry,pm10,71,31.0,50.0,40.0,173.96
2022-03-22,GB,Coventry,wind-speed,30,0.3,2.5,1.2,4.14
2022-03-22,GB,Coventry,pm25,68,74.0,136.0,89.0,1814.9
2022-03-22,GB,Coventry,humidity,72,46.7,80.5,65.7,1160.8
2022-03-22,GB,Coventry,pm10,67,33.0,59.0,38.0,292.55
2022-03-23,GB,Coventry,humidity,72,29.6,89.5,56.2,4588.59
2022-03-23,GB,Coventry,pm10,68,30.0,60.0,37.0,557.62
2022-03-23,GB,Coventry,pm25,67,70.0,132.0,87.0,2068.25
2022-03-23,GB,Coventry,wind-speed,18,0.2,1.2,0.8,1.07
2022-03-24,GB,Coventry,wind-speed,21,0.1,2.0,1.4,3.65
2022-03-24,GB,Coventry,humidity,72,28.3,84.0,57.9,3887.2
2022-03-24,GB,Coventry,pm10,68,37.0,69.0,43.0,491.6
2022-03-24,GB,Coventry,pm25,61,78.0,153.0,91.0,3870.79
2022-03-25,GB,Coventry,wind-speed,30,0.3,2.4,1.5,5.01
2022-03-25,GB,Coventry,pm25,52,84.0,135.0,95.0,1132.61
2022-03-25,GB,Coventry,humidity,72,41.7,90.9,62.2,2345.66
2022-03-25,GB,Coventry,pm10,61,41.0,62.0,46.0,221.32
2022-03-26,GB,Coventry,pm25,67,72.0,104.0,82.0,545.42
2022-03-26,GB,Coventry,humidity,72,40.8,84.8,66.1,1929.43
2022-03-26,GB,Coventry,pm10,69,31.0,52.0,40.0,219.51
2022-03-26,GB,Coventry,wind-speed,51,0.4,4.7,2.0,14.09
2022-03-27,GB,Coventry,wind-speed,39,0.1,2.8,1.3,8.1
2022-03-27,GB,Coventry,pm25,65,37.0,82.0,63.0,980.62
2022-03-27,GB,Coventry,pm10,69,11.0,31.0,21.0,286.56
2022-03-27,GB,Coventry,humidity,69,70.8,95.5,87.8,776.38
2022-03-28,GB,Coventry,humidity,72,45.6,98.7,79.6,3825.86
2022-03-28,GB,Coventry,pm10,72,10.0,34.0,17.0,337.04
2022-03-28,GB,Coventry,pm25,72,34.0,72.0,51.0,779.7
2022-03-28,GB,Coventry,wind-speed,9,0.1,0.2,0.1,0.03
2022-03-29,GB,Coventry,pm25,62,55.0,74.0,59.0,257.85
2022-03-29,GB,Coventry,wind-speed,57,0.2,3.5,1.8,7.57
2022-03-29,GB,Coventry,humidity,72,76.5,94.0,82.0,295.34
2022-03-29,GB,Coventry,pm10,62,19.0,30.0,21.0,66.52
2022-03-30,GB,Coventry,humidity,72,73.6,91.2,84.0,166.07
2022-03-30,GB,Coventry,pm10,72,5.0,36.0,24.0,322.97
2022-03-30,GB,Coventry,pm25,72,13.0,84.0,68.0,1728.61
2022-03-30,GB,Coventry,wind-speed,54,0.3,4.5,2.3,23.37
2022-03-31,GB,Coventry,wind-speed,72,2.0,7.9,3.1,27.18
2022-03-31,GB,Coventry,humidity,72,57.0,87.0,78.8,787.35
2022-03-31,GB,Coventry,pm10,72,6.0,18.0,10.0,115.07
2022-03-31,GB,Coventry,pm25,60,13.0,55.0,22.0,1702.61
2022-04-01,GB,Coventry,pm10,61,5.0,14.0,9.0,34.27
2022-04-01,GB,Coventry,pm25,57,13.0,37.0,17.0,333.4
2022-04-01,GB,Coventry,humidity,72,48.5,86.7,78.5,1749.99
2022-04-01,GB,Coventry,wind-speed,69,0.2,5.2,3.5,24.76
2022-04-02,GB,Coventry,wind-speed,33,1.0,4.0,2.0,5.26
2022-04-02,GB,Coventry,pm25,50,25.0,58.0,37.0,881.8
2022-04-02,GB,Coventry,pm10,62,8.0,24.0,11.0,87.77
2022-04-02,GB,Coventry,humidity,72,43.7,96.9,73.4,3069.98
2022-04-03,GB,Coventry,humidity,72,44.1,97.9,62.2,3995.36
2022-04-03,GB,Coventry,pm10,62,6.0,29.0,14.0,246.78
2022-04-03,GB,Coventry,pm25,57,17.0,75.0,50.0,1420.23
2022-04-03,GB,Coventry,wind-speed,30,0.4,2.0,1.2,2.94
2022-04-04,GB,Coventry,pm25,59,6.0,46.0,25.0,1293.45
2022-04-04,GB,Coventry,wind-speed,72,1.1,5.1,2.6,12.41
2022-04-04,GB,Coventry,humidity,72,64.2,92.6,79.7,528.41
2022-04-04,GB,Coventry,pm10,66,3.0,14.0,7.0,102.23
2022-04-05,GB,Coventry,humidity,72,52.5,81.4,69.0,943.88
2022-04-05,GB,Coventry,pm10,58,2.0,13.0,6.0,97.79
2022-04-05,GB,Coventry,pm25,51,6.0,26.0,13.0,325.75
2022-04-05,GB,Coventry,wind-speed,72,1.6,6.3,2.5,23.26
2022-04-06,GB,Coventry,wind-speed,72,1.8,5.4,3.5,7.34
2022-04-06,GB,Coventry,humidity,72,64.0,89.3,77.6,474.92
2022-04-06,GB,Coventry,pm10,59,5.0,10.0,7.0,17.14
2022-04-06,GB,Coventry,pm25,58,9.0,24.0,15.0,149.13
2022-04-07,GB,Coventry,pm25,48,13.0,24.0,17.0,69.79
2022-04-07,GB,Coventry,wind-speed,60,4.0,10.3,5.4,32.55
2022-04-07,GB,Coventry,humidity,72,56.0,80.6,67.5,405.92
2022-04-07,GB,Coventry,pm10,63,6.0,9.0,8.0,7.74
2022-04-08,GB,Coventry,humidity,72,44.6,93.1,74.1,2544.74
2022-04-08,GB,Coventry,pm10,61,3.0,14.0,9.0,46.24
2022-04-08,GB,Coventry,pm25,65,11.0,30.0,17.0,177.43
2022-04-08,GB,Coventry,wind-speed,42,0.1,3.2,1.6,7.14
2022-04-09,GB,Coventry,humidity,72,44.9,92.0,62.3,2341.57
2022-04-09,GB,Coventry,pm10,71,3.0,17.0,8.0,69.36
2022-04-09,GB,Coventry,pm25,67,10.0,43.0,17.0,424.8
2022-04-09,GB,Coventry,wind-speed,45,0.1,4.3,3.8,28.29
2022-04-10,GB,Coventry,wind-speed,36,0.1,2.0,1.4,4.17
2022-04-10,GB,Coventry,pm25,64,16.0,37.0,25.0,245.04
2022-04-10,GB,Coventry,pm10,64,6.0,11.0,9.0,11.58
2022-04-10,GB,Coventry,humidity,72,36.3,95.0,62.8,4131.64
2022-04-11,GB,Coventry,humidity,72,33.5,79.7,58.6,1697.29
2022-04-11,GB,Coventry,pm10,72,5.0,22.0,13.0,212.04
2022-04-11,GB,Coventry,pm25,68,15.0,56.0,35.0,1630.76
2022-04-11,GB,Coventry,wind-speed,63,0.1,4.8,2.0,27.67
2022-04-12,GB,Coventry,wind-speed,45,0.1,1.6,0.8,2.45
2022-04-12,GB,Coventry,humidity,72,66.0,86.5,79.5,292.85
2022-04-12,GB,Coventry,pm10,61,9.0,31.0,21.0,147.86
2022-04-12,GB,Coventry,pm25,61,29.0,73.0,59.0,743.71
2022-04-13,GB,Coventry,pm25,70,18.0,55.0,34.0,1287.72
2022-04-13,GB,Coventry,wind-speed,27,0.4,3.3,1.8,6.04
2022-04-13,GB,Coventry,humidity,72,61.0,94.3,86.1,964.29
2022-04-13,GB,Coventry,pm10,72,7.0,20.0,11.0,125.49
2022-04-14,GB,Coventry,humidity,72,56.0,98.0,77.6,2848.9
2022-04-14,GB,Coventry,pm10,61,7.0,16.0,8.0,46.14
2022-04-14,GB,Coventry,pm25,52,17.0,41.0,25.0,522.91
2022-04-14,GB,Coventry,wind-speed,15,0.2,1.3,1.1,2.16
2022-04-15,GB,Coventry,humidity,72,46.0,97.0,64.9,3715.62
2022-04-15,GB,Coventry,pm10,53,8.0,34.0,10.0,175.86
2022-04-15,GB,Coventry,pm25,52,21.0,73.0,27.0,982.45
2022-04-15,GB,Coventry,wind-speed,36,0.1,1.7,1.1,3.53
2022-04-16,GB,Coventry,wind-speed,45,0.4,2.4,1.5,4.06
2022-04-16,GB,Coventry,pm25,72,34.0,76.0,55.0,1197.27
2022-04-16,GB,Coventry,humidity,72,50.0,90.8,65.4,2147.09
2022-04-16,GB,Coventry,pm10,69,10.0,28.0,17.0,184.71
2022-04-17,GB,Coventry,humidity,72,32.0,91.9,57.0,3722.97
2022-04-17,GB,Coventry,pm10,72,8.0,40.0,22.0,435.96
2022-04-17,GB,Coventry,pm25,72,24.0,103.0,68.0,2384.63
2022-04-17,GB,Coventry,wind-speed,51,0.4,4.0,1.8,16.78
2022-04-18,GB,Coventry,humidity,72,44.2,90.4,69.7,2122.57
2022-04-18,GB,Coventry,pm10,72,5.0,19.0,9.0,128.43
2022-04-18,GB,Coventry,pm25,69,15.0,59.0,26.0,1963.71
2022-04-18,GB,Coventry,wind-speed,45,0.1,2.1,0.7,3.33
2022-04-19,GB,Coventry,wind-speed,60,0.5,4.7,1.7,13.85
2022-04-19,GB,Coventry,pm25,70,20.0,39.0,28.0,172.95
2022-04-19,GB,Coventry,pm10,71,7.0,18.0,11.0,53.13
2022-04-19,GB,Coventry,humidity,72,49.0,82.2,68.6,1075.38
2022-04-20,GB,Coventry,humidity,72,44.6,88.8,69.0,2263.3
2022-04-20,GB,Coventry,pm10,72,8.0,27.0,16.0,197.18
2022-04-20,GB,Coventry,pm25,54,24.0,73.0,46.0,1870.44
2022-04-20,GB,Coventry,wind-speed,72,0.9,5.0,2.7,10.92
2022-04-21,GB,Coventry,wind-speed,72,0.8,6.4,2.8,31.38
2022-04-21,GB,Coventry,humidity,72,48.4,87.5,66.5,1661.37
2022-04-21,GB,Coventry,pm10,66,10.0,26.0,17.0,79.75
2022-04-21,GB,Coventry,pm25,62,28.0,55.0,42.0,351.64
2022-04-22,GB,Coventry,wind-speed,72,1.9,7.8,4.8,31.94
2022-04-22,GB,Coventry,pm25,58,31.0,79.0,52.0,1318.94
2022-04-22,GB,Coventry,pm10,62,10.0,27.0,20.0,167.2
2022-04-22,GB,Coventry,humidity,72,43.1,87.5,72.0,2282.06
2022-04-23,GB,Coventry,wind-speed,72,2.8,8.5,5.0,28.52
2022-04-23,GB,Coventry,humidity,72,51.1,87.0,75.9,1344.33
2022-04-23,GB,Coventry,pm10,71,13.0,27.0,21.0,87.8
2022-04-23,GB,Coventry,pm25,71,39.0,70.0,56.0,417.52
2022-04-24,GB,Coventry,pm25,58,38.0,61.0,53.0,404.97
2022-04-24,GB,Coventry,wind-speed,72,2.1,6.4,4.3,19.91
2022-04-24,GB,Coventry,humidity,72,45.2,88.0,64.0,2777.32
2022-04-24,GB,Coventry,pm10,61,13.0,23.0,19.0,67.19
2022-04-25,GB,Coventry,wind-speed,66,0.1,2.5,1.5,4.36
2022-04-25,GB,Coventry,pm25,60,25.0,54.0,34.0,415.87
2022-04-25,GB,Coventry,pm10,67,10.0,22.0,13.0,51.3
2022-04-25,GB,Coventry,humidity,72,52.9,85.0,67.4,1224.78
2022-04-26,GB,Coventry,humidity,72,44.5,90.0,71.9,2717.74
2022-04-26,GB,Coventry,pm10,62,5.0,16.0,13.0,40.15
2022-04-26,GB,Coventry,pm25,54,15.0,45.0,36.0,350.26
2022-04-26,GB,Coventry,wind-speed,63,0.1,3.0,1.2,6.0
2022-04-27,GB,Coventry,pm25,68,15.0,39.0,30.0,186.82
2022-04-27,GB,Coventry,wind-speed,54,0.2,2.7,2.0,3.85
2022-04-27,GB,Coventry,humidity,72,53.1,94.1,62.0,2273.82
2022-04-27,GB,Coventry,pm10,68,6.0,21.0,12.0,56.15
2022-04-28,GB,Coventry,humidity,72,56.9,78.9,68.4,459.87
2022-04-28,GB,Coventry,pm10,63,11.0,22.0,13.0,53.62
2022-04-28,GB,Coventry,pm25,65,28.0,45.0,34.0,160.78
2022-04-28,GB,Coventry,wind-speed,63,0.1,2.5,0.9,4.27
2022-04-29,GB,Coventry,wind-speed,60,0.5,2.9,1.1,6.71
2022-04-29,GB,Coventry,humidity,72,48.0,85.0,69.9,2021.9
2022-04-29,GB,Coventry,pm10,57,12.0,21.0,14.0,30.01
2022-04-29,GB,Coventry,pm25,52,34.0,43.0,37.0,65.65
2022-04-30,GB,Coventry,pm25,48,28.0,56.0,40.0,473.03
2022-04-30,GB,Coventry,wind-speed,24,0.2,1.6,0.9,1.98
2022-04-30,GB,Coventry,humidity,72,39.8,95.2,55.5,4047.38
2022-04-30,GB,Coventry,pm10,48,11.0,19.0,14.0,39.85
2022-05-01,GB,Coventry,humidity,72,58.0,86.8,80.8,718.69
2022-05-01,GB,Coventry,pm10,70,9.0,20.0,11.0,108.59
2022-05-01,GB,Coventry,pm25,69,23.0,64.0,36.0,1585.48
2022-05-01,GB,Coventry,wind-speed,39,0.1,0.9,0.5,0.78
2022-05-02,GB,Coventry,humidity,72,59.0,93.9,75.2,1539.24
2022-05-02,GB,Coventry,pm10,67,18.0,30.0,21.0,79.07
2022-05-02,GB,Coventry,pm25,63,61.0,82.0,67.0,326.3
2022-05-02,GB,Coventry,wind-speed,27,0.1,1.0,0.5,0.87
2022-05-03,GB,Coventry,wind-speed,45,0.1,1.6,1.1,3.01
2022-05-03,GB,Coventry,pm25,59,40.0,76.0,61.0,437.74
2022-05-03,GB,Coventry,pm10,57,11.0,25.0,20.0,68.52
2022-05-03,GB,Coventry,humidity,72,60.6,85.6,76.9,636.66
2022-05-04,GB,Coventry,humidity,72,70.6,95.0,84.5,687.56
2022-05-04,GB,Coventry,pm10,61,7.0,83.0,16.0,1162.57
2022-05-04,GB,Coventry,pm25,62,23.0,71.0,53.0,831.78
2022-05-04,GB,Coventry,wind-speed,42,0.2,5.2,1.8,20.76
2022-05-05,GB,Coventry,wind-speed,33,0.2,2.5,2.2,6.98
2022-05-05,GB,Coventry,humidity,72,50.0,96.0,68.2,2575.65
2022-05-05,GB,Coventry,pm10,58,8.0,48.0,10.0,363.23
2022-05-05,GB,Coventry,pm25,52,19.0,50.0,30.0,461.96
2022-05-06,GB,Coventry,wind-speed,45,0.1,2.8,1.7,8.75
2022-05-06,GB,Coventry,pm25,39,18.0,62.0,34.0,1427.3
2022-05-06,GB,Coventry,humidity,72,60.3,93.5,74.0,1369.41
2022-05-06,GB,Coventry,pm10,47,7.0,20.0,12.0,102.46
2022-05-07,GB,Coventry,humidity,72,52.1,94.1,75.1,2249.68
2022-05-07,GB,Coventry,pm10,47,7.0,20.0,9.0,95.65
2022-05-07,GB,Coventry,pm25,45,21.0,57.0,28.0,910.27
2022-05-07,GB,Coventry,wind-speed,66,0.1,3.0,2.0,5.96
2022-05-08,GB,Coventry,wind-speed,54,0.2,1.8,0.5,1.44
2022-05-08,GB,Coventry,humidity,72,44.1,86.1,72.2,2332.82
2022-05-08,GB,Coventry,pm10,45,8.0,18.0,11.0,39.22
2022-05-08,GB,Coventry,pm25,42,28.0,59.0,38.0,521.91
2022-05-09,GB,Coventry,wind-speed,54,0.3,3.6,2.3,10.73
2022-05-09,GB,Coventry,pm25,54,26.0,50.0,34.0,302.79
2022-05-09,GB,Coventry,pm10,57,9.0,23.0,13.0,87.13
2022-05-09,GB,Coventry,humidity,72,50.2,89.7,60.2,1498.31
2022-05-10,GB,Coventry,wind-speed,72,1.7,3.6,2.8,3.1
2022-05-10,GB,Coventry,humidity,72,43.4,81.0,56.9,1500.36
2022-05-10,GB,Coventry,pm10,54,9.0,31.0,13.0,149.69
2022-05-10,GB,Coventry,pm25,46,22.0,53.0,34.0,507.58
2022-05-11,GB,Coventry,pm25,38,4.0,178.0,21.0,6780.8
2022-05-11,GB,Coventry,wind-speed,63,0.7,4.7,2.5,15.44
2022-05-11,GB,Coventry,humidity,72,51.6,91.5,77.7,1458.16
2022-05-11,GB,Coventry,pm10,52,1.0,85.0,9.0,1159.5
2022-05-12,GB,Coventry,wind-speed,54,0.3,3.3,2.0,8.22
2022-05-12,GB,Coventry,pm25,53,12.0,34.0,18.0,309.08
2022-05-12,GB,Coventry,humidity,72,48.9,92.3,64.9,1940.37
2022-05-12,GB,Coventry,pm10,56,5.0,32.0,9.0,154.22
2022-05-13,GB,Coventry,humidity,72,48.6,83.9,64.3,1367.85
2022-05-13,GB,Coventry,pm10,60,5.0,17.0,14.0,88.23
2022-05-13,GB,Coventry,pm25,61,13.0,45.0,29.0,573.16
2022-05-13,GB,Coventry,wind-speed,66,0.1,4.7,1.9,21.77
2022-05-14,GB,Coventry,wind-speed,33,0.1,1.2,1.0,1.38
2022-05-14,GB,Coventry,humidity,72,41.8,95.0,60.4,3566.9
2022-05-14,GB,Coventry,pm10,63,13.0,22.0,16.0,28.35
2022-05-14,GB,Coventry,pm25,61,33.0,62.0,43.0,288.46
2022-05-15,GB,Coventry,humidity,72,56.2,87.2,74.5,997.86
2022-05-15,GB,Coventry,pm10,61,14.0,26.0,17.0,103.94
2022-05-15,GB,Coventry,pm25,66,42.0,71.0,48.0,688.27
2022-05-15,GB,Coventry,wind-speed,57,0.1,2.3,1.7,4.05
2022-05-16,GB,Coventry,pm25,68,20.0,64.0,55.0,690.26
2022-05-16,GB,Coventry,wind-speed,54,0.2,4.5,1.7,18.46
2022-05-16,GB,Coventry,humidity,72,57.5,94.5,82.9,1462.1
2022-05-16,GB,Coventry,pm10,68,8.0,23.0,18.0,84.41
2022-05-17,GB,Coventry,pm10,67,5.0,15.0,11.0,31.2
2022-05-17,GB,Coventry,pm25,48,12.0,43.0,31.0,442.13
2022-05-17,GB,Coventry,humidity,72,50.2,93.6,82.0,3200.62
2022-05-17,GB,Coventry,wind-speed,60,0.2,4.8,2.2,18.41
2022-05-18,GB,Coventry,wind-speed,57,0.1,3.3,1.6,14.38
2022-05-18,GB,Coventry,pm25,66,7.0,29.0,21.0,214.79
2022-05-18,GB,Coventry,humidity,72,48.7,93.1,72.5,2442.31
2022-05-18,GB,Coventry,pm10,70,3.0,17.0,10.0,44.68
2022-05-19,GB,Coventry,humidity,72,49.7,97.0,73.8,3270.72
2022-05-19,GB,Coventry,pm10,64,4.0,22.0,9.0,51.11
2022-05-19,GB,Coventry,pm25,68,10.0,28.0,19.0,136.85
2022-05-19,GB,Coventry,wind-speed,36,0.1,1.9,1.3,2.81
2022-05-20,GB,Coventry,humidity,72,55.1,82.0,72.5,712.43
2022-05-20,GB,Coventry,pm10,62,6.0,26.0,9.0,63.97
2022-05-20,GB,Coventry,pm25,35,15.0,73.0,19.0,892.1
2022-05-20,GB,Coventry,wind-speed,48,0.7,4.0,1.8,11.2
2022-05-21,GB,Coventry,wind-speed,48,0.2,2.3,1.1,4.73
2022-05-21,GB,Coventry,pm25,68,15.0,37.0,25.0,132.12
2022-05-21,GB,Coventry,humidity,72,48.6,88.9,71.5,2020.44
2022-05-21,GB,Coventry,pm10,68,6.0,14.0,10.0,16.39
2022-05-22,GB,Coventry,humidity,72,52.2,82.3,63.2,1100.06
2022-05-22,GB,Coventry,pm10,60,4.0,10.0,8.0,32.3
2022-05-22,GB,Coventry,pm25,40,10.0,25.0,17.0,222.67
2022-05-22,GB,Coventry,wind-speed,30,0.1,2.4,1.2,5.89
2022-05-23,GB,Coventry,humidity,72,53.9,93.3,73.5,1609.43
2022-05-23,GB,Coventry,pm10,65,3.0,9.0,5.0,13.04
2022-05-23,GB,Coventry,pm25,67,6.0,16.0,12.0,56.88
2022-05-23,GB,Coventry,wind-speed,36,0.2,1.7,0.6,1.87
2022-05-24,GB,Coventry,wind-speed,42,0.1,3.4,1.6,9.74
2022-05-24,GB,Coventry,pm25,34,5.0,17.0,9.0,54.23
2022-05-24,GB,Coventry,humidity,72,51.1,95.0,69.2,2750.13
2022-05-24,GB,Coventry,pm10,53,3.0,7.0,4.0,9.47
2022-05-25,GB,Coventry,humidity,72,58.0,87.0,78.2,958.47
2022-05-25,GB,Coventry,pm10,66,4.0,47.0,6.0,359.68
2022-05-25,GB,Coventry,pm25,58,8.0,34.0,12.0,180.77
2022-05-25,GB,Coventry,wind-speed,60,0.1,5.7,2.5,23.04
2022-05-26,GB,Coventry,wind-speed,63,0.3,4.7,2.4,23.09
2022-05-26,GB,Coventry,humidity,72,66.6,90.1,74.9,492.36
2022-05-26,GB,Coventry,pm10,60,4.0,28.0,8.0,164.8
2022-05-26,GB,Coventry,pm25,69,9.0,31.0,15.0,265.2
2022-05-27,GB,Coventry,wind-speed,60,0.8,6.4,4.9,39.56
2022-05-27,GB,Coventry,pm25,62,11.0,39.0,21.0,423.51
2022-05-27,GB,Coventry,humidity,72,41.9,96.0,51.5,3551.26
2022-05-27,GB,Coventry,pm10,63,4.0,16.0,11.0,84.01
2022-05-28,GB,Coventry,pm25,45,15.0,27.0,21.0,100.22
2022-05-28,GB,Coventry,humidity,72,47.9,84.0,65.7,1394.42
2022-05-28,GB,Coventry,pm10,53,6.0,12.0,9.0,22.68
2022-05-28,GB,Coventry,wind-speed,57,0.1,2.3,1.0,3.27
2022-05-29,GB,Coventry,wind-speed,48,0.1,2.1,1.5,3.22
2022-05-29,GB,Coventry,pm25,58,13.0,22.0,14.0,46.67
2022-05-29,GB,Coventry,pm10,54,5.0,8.0,6.0,4.53
2022-05-29,GB,Coventry,humidity,72,48.8,83.1,66.4,1126.74
2022-05-30,GB,Coventry,wind-speed,33,0.3,1.8,0.9,2.59
2022-05-30,GB,Coventry,pm25,36,13.0,27.0,17.0,79.14
2022-05-30,GB,Coventry,humidity,72,51.7,89.6,74.0,1834.56
2022-05-30,GB,Coventry,pm10,42,6.0,12.0,8.0,17.35
2022-05-31,GB,Coventry,humidity,72,58.1,93.5,83.3,1395.89
2022-05-31,GB,Coventry,pm10,36,5.0,9.0,7.0,8.28
2022-05-31,GB,Coventry,pm25,33,13.0,25.0,17.0,106.72
2022-05-31,GB,Coventry,wind-speed,26,0.1,4.5,2.1,15.68
2022-06-01,GB,Coventry,humidity,72,49.5,94.4,66.6,2873.51
2022-06-01,GB,Coventry,pm10,64,5.0,11.0,7.0,23.39
2022-06-01,GB,Coventry,pm25,64,13.0,32.0,20.0,245.47
2022-06-01,GB,Coventry,wind-speed,36,0.1,1.6,0.6,1.96
2022-06-02,GB,Coventry,wind-speed,36,0.1,1.3,0.5,1.64
2022-06-02,GB,Coventry,pm25,49,27.0,54.0,35.0,555.74
2022-06-02,GB,Coventry,humidity,72,42.1,94.8,57.3,3799.58
2022-06-02,GB,Coventry,pm10,57,8.0,17.0,10.0,39.1
2022-06-03,GB,Coventry,humidity,72,52.5,81.7,70.5,550.4
2022-06-03,GB,Coventry,pm10,70,8.0,20.0,13.0,81.71
2022-06-03,GB,Coventry,pm25,69,23.0,55.0,40.0,664.01
2022-06-03,GB,Coventry,wind-speed,48,0.4,3.3,2.5,6.41
2022-06-04,GB,Coventry,pm25,52,24.0,42.0,30.0,187.83
2022-06-04,GB,Coventry,wind-speed,72,2.6,5.5,4.1,5.9
2022-06-04,GB,Coventry,pm10,57,8.0,14.0,11.0,14.95
2022-06-04,GB,Coventry,humidity,72,62.5,84.6,74.0,422.43
2022-06-05,GB,Coventry,humidity,72,80.5,95.0,91.5,120.64
2022-06-05,GB,Coventry,pm10,59,5.0,12.0,8.0,27.86
2022-06-05,GB,Coventry,pm25,46,15.0,31.0,22.0,217.76
2022-06-05,GB,Coventry,wind-speed,60,0.3,3.2,1.4,6.48
2022-06-06,GB,Coventry,humidity,72,67.5,95.0,82.9,1019.42
2022-06-06,GB,Coventry,pm10,66,5.0,13.0,8.0,35.93
2022-06-06,GB,Coventry,pm25,62,17.0,45.0,28.0,361.76
2022-06-06,GB,Coventry,wind-speed,30,0.1,1.0,0.4,0.91
2022-06-07,GB,Coventry,wind-speed,45,0.1,1.7,0.5,2.08
2022-06-07,GB,Coventry,humidity,72,50.6,93.6,66.2,2362.65
2022-06-07,GB,Coventry,pm10,54,3.0,21.0,12.0,130.57
2022-06-07,GB,Coventry,pm25,59,7.0,65.0,42.0,1407.18
2022-06-08,GB,Coventry,pm25,65,8.0,34.0,17.0,412.12
2022-06-08,GB,Coventry,wind-speed,63,0.3,4.6,1.5,11.56
2022-06-08,GB,Coventry,humidity,72,55.3,93.8,72.2,1752.7
2022-06-08,GB,Coventry,pm10,66,4.0,40.0,7.0,249.9
2022-06-09,GB,Coventry,pm25,68,16.0,55.0,23.0,512.81
2022-06-09,GB,Coventry,wind-speed,54,0.5,2.7,2.0,4.11
2022-06-09,GB,Coventry,humidity,72,57.9,91.1,77.2,1168.79
2022-06-09,GB,Coventry,pm10,68,6.0,58.0,11.0,994.88
2022-06-10,GB,Coventry,wind-speed,72,0.2,4.1,1.6,14.93
2022-06-10,GB,Coventry,pm25,67,22.0,101.0,40.0,928.56
2022-06-10,GB,Coventry,humidity,72,46.2,90.8,60.6,2446.67
2022-06-10,GB,Coventry,pm10,70,8.0,111.0,17.0,1656.44
2022-06-11,GB,Coventry,humidity,72,49.1,92.0,66.0,2164.16
2022-06-11,GB,Coventry,pm10,58,8.0,25.0,14.0,161.09
2022-06-11,GB,Coventry,pm25,37,19.0,42.0,34.0,326.76
2022-06-11,GB,Coventry,wind-speed,54,0.1,4.2,3.1,20.96
2022-06-12,GB,Coventry,humidity,72,42.0,85.9,61.1,2127.55
2022-06-12,GB,Coventry,pm10,56,7.0,13.0,11.0,18.34
2022-06-12,GB,Coventry,pm25,54,19.0,34.0,26.0,146.57
2022-06-12,GB,Coventry,wind-speed,66,0.1,4.2,2.8,20.22
2022-06-13,GB,Coventry,wind-speed,30,0.3,2.1,0.5,3.85
2022-06-13,GB,Coventry,pm25,53,17.0,72.0,23.0,677.73
2022-06-13,GB,Coventry,humidity,72,48.1,90.0,58.0,1852.71
2022-06-13,GB,Coventry,pm10,61,8.0,87.0,9.0,1718.83
2022-06-14,GB,Coventry,humidity,72,40.4,91.5,51.5,2593.05
2022-06-14,GB,Coventry,pm10,27,10.0,18.0,11.0,44.05
2022-06-14,GB,Coventry,pm25,18,24.0,33.0,27.0,85.36
2022-06-14,GB,Coventry,wind-speed,27,0.1,1.2,0.7,1.48
2022-06-15,GB,Coventry,humidity,72,36.1,87.1,50.7,3022.36
2022-06-15,GB,Coventry,pm10,63,9.0,32.0,14.0,172.54
2022-06-15,GB,Coventry,pm25,47,25.0,61.0,34.0,925.09
2022-06-15,GB,Coventry,wind-speed,30,0.1,0.8,0.3,0.57
2022-06-16,GB,Coventry,wind-speed,39,0.1,1.1,0.5,0.95
2022-06-16,GB,Coventry,pm25,52,20.0,45.0,34.0,248.76
2022-06-16,GB,Coventry,humidity,72,35.0,84.5,49.1,2325.71
2022-06-16,GB,Coventry,pm10,55,10.0,26.0,14.0,91.1
2022-06-17,GB,Coventry,humidity,72,35.0,79.5,47.0,2208.31
2022-06-17,GB,Coventry,pm10,66,9.0,44.0,18.0,939.86
2022-06-17,GB,Coventry,pm25,62,21.0,63.0,33.0,1570.39
2022-06-17,GB,Coventry,wind-speed,48,0.2,4.6,2.1,17.36
2022-06-18,GB,Coventry,humidity,72,72.1,93.5,79.0,380.53
2022-06-18,GB,Coventry,pm10,65,6.0,25.0,18.0,212.15
2022-06-18,GB,Coventry,pm25,47,18.0,42.0,36.0,396.46
2022-06-18,GB,Coventry,wind-speed,54,0.2,4.0,1.5,9.44
2022-06-19,GB,Coventry,humidity,72,62.7,97.0,72.1,1778.94
2022-06-19,GB,Coventry,pm10,57,7.0,17.0,10.0,50.63
2022-06-19,GB,Coventry,pm25,54,19.0,41.0,24.0,257.74
2022-06-19,GB,Coventry,wind-speed,45,0.3,3.9,1.4,10.62
2022-06-20,GB,Coventry,pm25,43,18.0,59.0,23.0,764.44
2022-06-20,GB,Coventry,wind-speed,39,0.3,1.9,1.5,3.05
2022-06-20,GB,Coventry,humidity,72,41.1,90.5,56.6,2956.02
2022-06-20,GB,Coventry,pm10,53,7.0,68.0,10.0,1436.92
2022-06-21,GB,Coventry,wind-speed,24,0.2,0.8,0.5,0.42
2022-06-21,GB,Coventry,pm25,53,22.0,37.0,27.0,158.45
2022-06-21,GB,Coventry,pm10,63,8.0,24.0,12.0,114.33
2022-06-21,GB,Coventry,humidity,72,33.7,95.0,52.3,5027.91
2022-06-22,GB,Coventry,humidity,72,38.5,86.0,60.9,2119.84
2022-06-22,GB,Coventry,pm10,63,10.0,33.0,15.0,124.57
2022-06-22,GB,Coventry,pm25,59,26.0,46.0,35.0,303.6
2022-06-22,GB,Coventry,wind-speed,36,0.1,1.2,0.3,1.29
2022-06-23,GB,Coventry,humidity,72,43.9,88.5,53.7,2348.65
2022-06-23,GB,Coventry,pm10,56,10.0,17.0,13.0,25.97
2022-06-23,GB,Coventry,pm25,56,25.0,38.0,32.0,144.91
2022-06-23,GB,Coventry,wind-speed,27,0.3,1.7,0.6,1.9
2022-06-24,GB,Coventry,wind-speed,57,0.1,4.0,2.8,15.32
2022-06-24,GB,Coventry,pm25,51,8.0,72.0,46.0,2049.33
2022-06-24,GB,Coventry,humidity,72,59.0,91.1,70.7,1334.51
2022-06-24,GB,Coventry,pm10,55,4.0,29.0,16.0,252.63
2022-06-25,GB,Coventry,humidity,72,47.7,83.5,57.5,1563.5
2022-06-25,GB,Coventry,pm10,71,5.0,14.0,10.0,39.76
2022-06-25,GB,Coventry,pm25,71,11.0,38.0,21.0,413.33
2022-06-25,GB,Coventry,wind-speed,72,0.6,5.6,3.2,20.79
2022-06-26,GB,Coventry,pm25,59,14.0,31.0,17.0,82.58
2022-06-26,GB,Coventry,wind-speed,72,0.5,5.5,3.2,23.63
2022-06-26,GB,Coventry,pm10,57,6.0,10.0,9.0,9.1
2022-06-26,GB,Coventry,humidity,72,44.3,88.8,57.6,2220.53
2022-06-27,GB,Coventry,humidity,72,43.1,88.6,69.4,3045.69
2022-06-27,GB,Coventry,pm10,58,7.0,13.0,8.0,11.77
2022-06-27,GB,Coventry,pm25,44,13.0,23.0,18.0,74.57
2022-06-27,GB,Coventry,wind-speed,63,0.5,3.1,1.8,4.21
2022-06-28,GB,Coventry,humidity,72,46.5,82.7,60.5,1615.74
2022-06-28,GB,Coventry,pm10,64,7.0,218.0,11.0,8068.01
2022-06-28,GB,Coventry,pm25,60,16.0,153.0,21.0,3299.45
2022-06-28,GB,Coventry,wind-speed,60,0.4,5.4,3.8,27.54
2022-06-29,GB,Coventry,wind-speed,63,0.2,3.3,1.7,7.9
2022-06-29,GB,Coventry,humidity,72,53.0,91.7,70.4,1649.91
2022-06-29,GB,Coventry,pm10,62,4.0,67.0,10.0,1328.19
2022-06-29,GB,Coventry,pm25,56,10.0,52.0,17.0,600.83
2022-06-30,GB,Coventry,pm25,56,10.0,24.0,13.0,78.39
2022-06-30,GB,Coventry,wind-speed,36,0.1,1.5,1.0,1.77
2022-06-30,GB,Coventry,humidity,72,44.6,89.0,82.0,2074.72
2022-06-30,GB,Coventry,pm10,67,4.0,27.0,7.0,187.25
2022-07-01,GB,Coventry,pm10,59,4.0,12.0,8.0,30.02
2022-07-01,GB,Coventry,pm25,56,9.0,24.0,15.0,112.0
2022-07-01,GB,Coventry,humidity,72,50.3,95.0,69.9,2796.16
2022-07-01,GB,Coventry,wind-speed,48,0.2,3.5,1.0,9.87
2022-07-02,GB,Coventry,wind-speed,60,0.1,3.0,1.0,8.23
2022-07-02,GB,Coventry,pm25,59,9.0,26.0,13.0,96.86
2022-07-02,GB,Coventry,pm10,60,4.0,9.0,6.0,10.95
2022-07-02,GB,Coventry,humidity,72,70.5,89.1,82.9,210.69
2022-07-03,GB,Coventry,humidity,72,56.3,95.4,74.1,1922.44
2022-07-03,GB,Coventry,pm10,52,4.0,10.0,6.0,16.21
2022-07-03,GB,Coventry,pm25,57,10.0,25.0,13.0,107.2
2022-07-03,GB,Coventry,wind-speed,36,0.2,2.7,0.7,6.92
2022-07-04,GB,Coventry,pm25,37,9.0,17.0,12.0,51.86
2022-07-04,GB,Coventry,wind-speed,51,0.1,2.6,1.7,4.07
2022-07-04,GB,Coventry,humidity,72,48.7,90.6,65.3,1885.44
2022-07-04,GB,Coventry,pm10,57,4.0,10.0,6.0,10.4
2022-07-05,GB,Coventry,humidity,72,45.5,91.0,60.8,2103.38
2022-07-05,GB,Coventry,pm10,69,4.0,21.0,6.0,58.57
2022-07-05,GB,Coventry,pm25,68,9.0,63.0,13.0,525.81
2022-07-05,GB,Coventry,wind-speed,45,1.0,5.2,2.0,18.43
2022-07-06,GB,Coventry,wind-speed,54,0.1,4.5,2.8,18.08
2022-07-06,GB,Coventry,humidity,72,51.9,83.5,67.3,885.01
2022-07-06,GB,Coventry,pm10,51,4.0,19.0,8.0,63.14
2022-07-06,GB,Coventry,pm25,31,10.0,19.0,13.0,72.9
2022-07-07,GB,Coventry,pm25,70,9.0,59.0,14.0,2007.91
2022-07-07,GB,Coventry,wind-speed,72,1.5,5.8,2.5,12.46
2022-07-07,GB,Coventry,humidity,72,49.7,84.0,67.0,1380.35
2022-07-07,GB,Coventry,pm10,58,4.0,62.0,11.0,993.78
2022-07-08,GB,Coventry,humidity,72,43.1,92.2,59.4,2810.4
2022-07-08,GB,Coventry,pm10,64,6.0,18.0,11.0,86.02
2022-07-08,GB,Coventry,pm25,57,15.0,49.0,30.0,426.96
2022-07-08,GB,Coventry,wind-speed,57,0.1,4.5,2.4,8.44
2022-07-09,GB,Coventry,humidity,72,37.5,91.5,57.9,3688.96
2022-07-09,GB,Coventry,pm10,61,5.0,11.0,8.0,13.57
2022-07-09,GB,Coventry,pm25,55,12.0,25.0,18.0,71.28
2022-07-09,GB,Coventry,wind-speed,57,0.3,4.0,2.6,10.78
2022-07-10,GB,Coventry,wind-speed,54,0.1,1.0,0.5,0.58
2022-07-10,GB,Coventry,pm25,68,13.0,63.0,18.0,415.11
2022-07-10,GB,Coventry,pm10,56,5.0,20.0,7.0,45.86
2022-07-10,GB,Coventry,humidity,72,28.9,88.9,50.5,4261.25
2022-07-11,GB,Coventry,humidity,72,31.6,88.5,46.1,3719.52
2022-07-11,GB,Coventry,pm10,70,6.0,21.0,10.0,54.48
2022-07-11,GB,Coventry,pm25,53,16.0,39.0,22.0,164.51
2022-07-11,GB,Coventry,wind-speed,30,0.1,1.3,0.6,1.5
2022-07-12,GB,Coventry,wind-speed,15,0.1,0.3,0.2,0.04
2022-07-12,GB,Coventry,humidity,72,44.0,76.1,58.4,906.12
2022-07-12,GB,Coventry,pm10,59,9.0,20.0,10.0,35.13
2022-07-12,GB,Coventry,pm25,53,15.0,27.0,19.0,81.73
2022-07-13,GB,Coventry,pm25,59,13.0,33.0,22.0,211.75
2022-07-13,GB,Coventry,wind-speed,57,0.8,3.9,2.3,8.06
2022-07-13,GB,Coventry,humidity,72,31.3,87.2,52.0,3413.85
2022-07-13,GB,Coventry,pm10,62,8.0,16.0,11.0,32.97
2022-07-14,GB,Coventry,humidity,72,40.0,81.1,52.8,1366.28
2022-07-14,GB,Coventry,pm10,63,6.0,15.0,10.0,48.34
2022-07-14,GB,Coventry,pm25,64,13.0,26.0,20.0,88.55
2022-07-14,GB,Coventry,wind-speed,60,0.2,5.0,2.7,23.54
2022-07-15,GB,Coventry,humidity,72,46.5,87.8,56.7,1999.0
2022-07-15,GB,Coventry,pm10,60,5.0,25.0,9.0,64.89
2022-07-15,GB,Coventry,pm25,47,12.0,27.0,17.0,93.03
2022-07-15,GB,Coventry,wind-speed,48,0.1,4.2,2.1,11.79
2022-07-16,GB,Coventry,wind-speed,33,0.1,0.7,0.5,0.34
2022-07-16,GB,Coventry,pm25,63,13.0,49.0,19.0,716.04
2022-07-16,GB,Coventry,humidity,72,29.0,89.3,49.8,4184.02
2022-07-16,GB,Coventry,pm10,59,5.0,22.0,8.0,117.86
2022-07-17,GB,Coventry,humidity,72,28.0,74.3,38.4,2877.06
2022-07-17,GB,Coventry,pm10,68,10.0,18.0,13.0,39.09
2022-07-17,GB,Coventry,pm25,43,21.0,53.0,33.0,774.52
2022-07-17,GB,Coventry,wind-speed,42,0.1,2.7,1.9,6.83
2022-07-18,GB,Coventry,humidity,72,20.7,63.2,32.6,2227.25
2022-07-18,GB,Coventry,pm10,67,9.0,26.0,17.0,157.49
2022-07-18,GB,Coventry,pm25,65,24.0,50.0,27.0,364.72
2022-07-18,GB,Coventry,wind-speed,30,0.1,1.5,1.1,2.43
2022-07-19,GB,Coventry,wind-speed,36,0.2,5.2,2.2,22.36
2022-07-19,GB,Coventry,pm25,72,30.0,77.0,51.0,2062.82
2022-07-19,GB,Coventry,pm10,69,14.0,51.0,32.0,779.02
2022-07-19,GB,Coventry,humidity,72,17.7,64.1,35.2,2270.79
2022-07-20,GB,Coventry,humidity,72,53.5,87.0,62.3,990.35
2022-07-20,GB,Coventry,pm10,66,8.0,40.0,30.0,354.87
2022-07-20,GB,Coventry,pm25,61,15.0,94.0,66.0,2112.33
2022-07-20,GB,Coventry,wind-speed,72,0.4,3.9,1.7,13.8
2022-07-21,GB,Coventry,wind-speed,72,0.2,3.1,1.0,5.2
2022-07-21,GB,Coventry,humidity,72,56.7,88.5,74.0,896.91
2022-07-21,GB,Coventry,pm10,70,9.0,21.0,14.0,93.54
2022-07-21,GB,Coventry,pm25,68,17.0,55.0,30.0,1015.23
2022-07-22,GB,Coventry,wind-speed,54,0.1,2.0,0.8,3.52
2022-07-22,GB,Coventry,pm25,52,15.0,35.0,22.0,164.42
2022-07-22,GB,Coventry,pm10,61,9.0,15.0,10.0,12.3
2022-07-22,GB,Coventry,humidity,72,50.5,91.6,72.3,1456.59
2022-07-23,GB,Coventry,wind-speed,51,0.1,3.4,2.3,11.57
2022-07-23,GB,Coventry,humidity,72,49.1,95.8,70.7,2138.92
2022-07-23,GB,Coventry,pm10,58,8.0,20.0,12.0,98.26
2022-07-23,GB,Coventry,pm25,49,19.0,54.0,35.0,956.84
2022-07-24,GB,Coventry,pm25,58,13.0,30.0,21.0,146.93
2022-07-24,GB,Coventry,wind-speed,72,1.8,5.2,3.4,9.3
2022-07-24,GB,Coventry,humidity,72,50.0,87.0,77.7,1212.61
2022-07-24,GB,Coventry,pm10,66,5.0,18.0,9.0,74.25
2022-07-25,GB,Coventry,wind-speed,72,1.1,6.6,2.8,24.42
2022-07-25,GB,Coventry,pm25,45,13.0,24.0,17.0,90.98
2022-07-25,GB,Coventry,pm10,57,6.0,23.0,9.0,79.46
2022-07-25,GB,Coventry,humidity,72,50.3,86.2,68.1,1407.51
2022-07-26,GB,Coventry,humidity,72,47.0,88.8,76.9,2217.04
2022-07-26,GB,Coventry,pm10,67,4.0,13.0,9.0,37.64
2022-07-26,GB,Coventry,pm25,69,11.0,29.0,17.0,283.22
2022-07-26,GB,Coventry,wind-speed,54,0.2,2.1,1.0,3.62
2022-07-27,GB,Coventry,pm25,56,16.0,43.0,22.0,422.52
2022-07-27,GB,Coventry,wind-speed,39,0.1,1.4,0.6,2.09
2022-07-27,GB,Coventry,humidity,72,47.0,92.6,64.1,2036.51
2022-07-27,GB,Coventry,pm10,66,7.0,25.0,11.0,114.56
2022-07-28,GB,Coventry,humidity,72,47.3,87.2,59.2,2250.11
2022-07-28,GB,Coventry,pm10,62,7.0,17.0,11.0,30.04
2022-07-28,GB,Coventry,pm25,57,14.0,34.0,21.0,89.8
2022-07-28,GB,Coventry,wind-speed,39,0.2,1.4,0.5,1.15
2022-07-29,GB,Coventry,wind-speed,27,0.2,0.6,0.3,0.21
2022-07-29,GB,Coventry,humidity,72,36.1,75.9,50.2,1772.83
2022-07-29,GB,Coventry,pm10,60,9.0,24.0,13.0,135.62
2022-07-29,GB,Coventry,pm25,52,15.0,41.0,21.0,403.18
2022-07-30,GB,Coventry,pm25,44,12.0,39.0,26.0,357.18
2022-07-30,GB,Coventry,wind-speed,54,0.2,1.8,0.8,1.6
2022-07-30,GB,Coventry,humidity,72,64.5,90.0,70.0,327.71
2022-07-30,GB,Coventry,pm10,55,5.0,22.0,13.0,103.62
2022-07-31,GB,Coventry,humidity,72,49.0,94.0,75.1,2922.69
2022-07-31,GB,Coventry,pm10,67,3.0,10.0,6.0,20.07
2022-07-31,GB,Coventry,pm25,56,7.0,21.0,13.0,119.88
2022-07-31,GB,Coventry,wind-speed,72,0.1,4.5,2.0,16.12
2022-08-01,GB,Coventry,humidity,72,33.2,72.4,53.7,2143.74
2022-08-01,GB,Coventry,pm10,63,4.0,16.0,7.0,37.73
2022-08-01,GB,Coventry,pm25,54,8.0,21.0,13.0,64.06
2022-08-01,GB,Coventry,wind-speed,48,0.1,2.6,1.2,3.84
2022-08-02,GB,Coventry,wind-speed,72,2.0,5.6,3.4,11.31
2022-08-02,GB,Coventry,pm25,68,3.0,28.0,13.0,224.26
2022-08-02,GB,Coventry,pm10,72,2.0,26.0,9.0,209.72
2022-08-02,GB,Coventry,humidity,72,61.0,87.8,72.0,779.06
2022-08-03,GB,Coventry,humidity,72,42.5,86.5,67.0,2268.16
2022-08-03,GB,Coventry,pm10,65,2.0,19.0,8.0,84.45
2022-08-03,GB,Coventry,pm25,51,3.0,21.0,15.0,146.24
2022-08-03,GB,Coventry,wind-speed,63,1.0,4.3,3.0,4.83
2022-08-04,GB,Coventry,wind-speed,48,0.5,4.7,3.2,10.51
2022-08-04,GB,Coventry,humidity,72,39.2,89.2,56.7,3255.15
2022-08-04,GB,Coventry,pm10,60,6.0,22.0,8.0,65.79
2022-08-04,GB,Coventry,pm25,46,12.0,22.0,19.0,72.14
2022-08-05,GB,Coventry,wind-speed,66,0.2,4.5,2.8,18.1
2022-08-05,GB,Coventry,pm25,56,10.0,37.0,15.0,401.74
2022-08-05,GB,Coventry,humidity,72,42.4,78.5,55.0,1454.54
2022-08-05,GB,Coventry,pm10,59,6.0,25.0,9.0,92.85
2022-08-06,GB,Coventry,humidity,72,32.4,92.6,52.8,4154.81
2022-08-06,GB,Coventry,pm10,61,7.0,15.0,12.0,36.61
2022-08-06,GB,Coventry,pm25,55,14.0,51.0,36.0,843.84
2022-08-06,GB,Coventry,wind-speed,41,0.1,1.8,1.4,2.69
2022-08-07,GB,Coventry,wind-speed,48,0.1,2.5,1.5,5.56
2022-08-07,GB,Coventry,humidity,72,31.0,90.5,51.3,3635.16
2022-08-07,GB,Coventry,pm10,60,5.0,11.0,9.0,14.86
2022-08-07,GB,Coventry,pm25,57,11.0,30.0,19.0,222.49
2022-08-08,GB,Coventry,wind-speed,39,0.2,1.4,0.6,1.48
2022-08-08,GB,Coventry,pm25,63,17.0,30.0,21.0,115.76
2022-08-08,GB,Coventry,pm10,72,6.0,17.0,10.0,65.51
2022-08-08,GB,Coventry,humidity,72,31.5,91.5,53.1,3888.09
2022-08-09,GB,Coventry,wind-speed,21,0.3,1.0,0.7,0.71
2022-08-09,GB,Coventry,humidity,72,29.2,89.0,51.7,3669.84
2022-08-09,GB,Coventry,pm10,67,11.0,39.0,15.0,226.46
2022-08-09,GB,Coventry,pm25,55,20.0,51.0,30.0,403.21
2022-08-10,GB,Coventry,pm25,42,21.0,31.0,25.0,79.35
2022-08-10,GB,Coventry,wind-speed,33,0.2,1.5,0.7,2.34
2022-08-10,GB,Coventry,humidity,72,18.8,88.2,42.1,5519.67
2022-08-10,GB,Coventry,pm10,52,12.0,24.0,15.0,44.25
2022-08-11,GB,Coventry,wind-speed,36,0.2,1.5,0.8,1.42
2022-08-11,GB,Coventry,pm25,53,17.0,32.0,21.0,145.16
2022-08-11,GB,Coventry,humidity,72,21.8,83.0,44.5,5145.09
2022-08-11,GB,Coventry,pm10,57,12.0,26.0,15.0,85.98
2022-08-12,GB,Coventry,humidity,72,26.5,75.2,47.0,2726.52
2022-08-12,GB,Coventry,pm10,72,14.0,30.0,20.0,91.45
2022-08-12,GB,Coventry,pm25,72,21.0,44.0,30.0,141.12
2022-08-12,GB,Coventry,wind-speed,51,0.3,2.8,1.5,4.89
2022-08-13,GB,Coventry,wind-speed,63,0.4,2.3,1.3,2.89
2022-08-13,GB,Coventry,humidity,72,25.4,88.2,46.6,4719.89
2022-08-13,GB,Coventry,pm10,64,15.0,25.0,21.0,33.15
2022-08-13,GB,Coventry,pm25,71,27.0,47.0,38.0,159.28
2022-08-14,GB,Coventry,humidity,72,19.3,72.8,40.3,3412.3
2022-08-14,GB,Coventry,pm10,67,17.0,27.0,21.0,43.0
2022-08-14,GB,Coventry,pm25,47,25.0,58.0,42.0,499.97
2022-08-14,GB,Coventry,wind-speed,36,0.1,1.8,0.8,2.01
2022-08-15,GB,Coventry,pm25,59,30.0,63.0,41.0,621.84
2022-08-15,GB,Coventry,wind-speed,27,0.1,2.8,1.9,8.19
2022-08-15,GB,Coventry,humidity,72,39.5,70.0,52.9,730.99
2022-08-15,GB,Coventry,pm10,60,14.0,41.0,19.0,459.35
2022-08-16,GB,Coventry,pm10,72,9.0,35.0,21.0,139.76
2022-08-16,GB,Coventry,pm25,72,33.0,86.0,55.0,549.08
2022-08-16,GB,Coventry,humidity,72,50.8,95.0,81.2,2162.32
2022-08-16,GB,Coventry,wind-speed,51,0.1,3.0,0.5,6.04
2022-08-17,GB,Coventry,wind-speed,72,0.4,4.5,2.9,14.36
2022-08-17,GB,Coventry,pm25,72,11.0,55.0,30.0,1621.68
2022-08-17,GB,Coventry,humidity,72,78.0,94.3,84.6,295.47
2022-08-17,GB,Coventry,pm10,72,5.0,20.0,11.0,155.91
2022-08-18,GB,Coventry,humidity,72,53.2,90.9,83.5,1782.79
2022-08-18,GB,Coventry,pm10,61,2.0,26.0,12.0,215.09
2022-08-18,GB,Coventry,pm25,59,5.0,58.0,30.0,1361.71
2022-08-18,GB,Coventry,wind-speed,51,0.2,3.0,2.0,8.91
2022-08-19,GB,Coventry,humidity,72,41.1,95.0,60.9,4039.91
2022-08-19,GB,Coventry,pm10,71,2.0,15.0,10.0,54.78
2022-08-19,GB,Coventry,pm25,64,5.0,28.0,21.0,289.92
2022-08-19,GB,Coventry,wind-speed,45,0.1,3.6,2.5,12.39
2022-08-20,GB,Coventry,wind-speed,48,0.4,3.5,2.6,12.92
2022-08-20,GB,Coventry,pm25,71,14.0,32.0,21.0,195.69
2022-08-20,GB,Coventry,humidity,72,43.3,91.6,64.9,2424.78
2022-08-20,GB,Coventry,pm10,70,7.0,13.0,10.0,20.42
2022-08-21,GB,Coventry,humidity,72,48.7,90.6,65.9,2307.32
2022-08-21,GB,Coventry,pm10,69,7.0,13.0,10.0,10.62
2022-08-21,GB,Coventry,pm25,68,19.0,32.0,25.0,52.95
2022-08-21,GB,Coventry,wind-speed,45,0.2,1.6,1.0,1.75
2022-08-22,GB,Coventry,humidity,72,52.1,95.8,80.7,1845.75
2022-08-22,GB,Coventry,pm10,55,4.0,20.0,10.0,79.95
2022-08-22,GB,Coventry,pm25,49,7.0,34.0,25.0,308.74
2022-08-22,GB,Coventry,wind-speed,45,0.3,3.0,1.5,8.57
2022-08-23,GB,Coventry,wind-speed,39,0.4,2.2,1.6,2.89
2022-08-23,GB,Coventry,pm25,50,7.0,26.0,15.0,112.2
2022-08-23,GB,Coventry,humidity,72,54.2,89.9,71.0,1552.71
2022-08-23,GB,Coventry,pm10,58,4.0,12.0,7.0,27.28
2022-08-24,GB,Coventry,humidity,72,70.2,93.4,81.4,279.76
2022-08-24,GB,Coventry,pm10,47,4.0,15.0,7.0,30.97
2022-08-24,GB,Coventry,pm25,30,9.0,26.0,13.0,167.14
2022-08-24,GB,Coventry,wind-speed,57,0.1,2.7,1.0,5.93
2022-08-25,GB,Coventry,wind-speed,45,0.1,3.5,1.3,10.06
2022-08-25,GB,Coventry,humidity,72,69.0,94.8,87.0,466.86
2022-08-25,GB,Coventry,pm10,71,5.0,12.0,9.0,29.03
2022-08-25,GB,Coventry,pm25,72,12.0,36.0,22.0,296.71
2022-08-26,GB,Coventry,wind-speed,15,0.4,0.7,0.5,0.15
2022-08-26,GB,Coventry,pm25,53,14.0,66.0,22.0,501.79
2022-08-26,GB,Coventry,humidity,72,44.1,92.9,68.5,3565.0
2022-08-26,GB,Coventry,pm10,52,7.0,23.0,10.0,84.84
2022-08-27,GB,Coventry,pm25,55,13.0,43.0,24.0,842.84
2022-08-27,GB,Coventry,humidity,72,43.2,93.1,63.6,2812.24
2022-08-27,GB,Coventry,pm10,48,6.0,16.0,11.0,88.92
2022-08-27,GB,Coventry,wind-speed,39,0.1,1.5,0.4,1.71
2022-08-28,GB,Coventry,wind-speed,33,0.3,1.4,1.0,1.26
2022-08-28,GB,Coventry,pm25,48,13.0,34.0,17.0,182.54
2022-08-28,GB,Coventry,pm10,59,5.0,11.0,8.0,20.99
2022-08-28,GB,Coventry,humidity,72,43.3,94.0,60.6,3548.73
2022-08-29,GB,Coventry,wind-speed,54,0.1,3.7,3.0,13.55
2022-08-29,GB,Coventry,pm25,53,12.0,24.0,15.0,101.7
2022-08-29,GB,Coventry,humidity,72,53.5,85.6,67.4,1178.21
2022-08-29,GB,Coventry,pm10,44,5.0,11.0,7.0,13.93
2022-08-30,GB,Coventry,humidity,72,48.6,83.1,66.0,1577.33
2022-08-30,GB,Coventry,pm10,71,5.0,15.0,9.0,51.17
2022-08-30,GB,Coventry,pm25,71,11.0,24.0,16.0,48.09
2022-08-30,GB,Coventry,wind-speed,72,0.5,4.0,2.3,10.04
2022-08-31,GB,Coventry,humidity,72,41.5,91.0,70.2,2910.68
2022-08-31,GB,Coventry,pm10,64,7.0,13.0,10.0,17.94
2022-08-31,GB,Coventry,pm25,44,13.0,33.0,23.0,273.42
2022-08-31,GB,Coventry,wind-speed,72,1.0,4.5,3.6,15.08
2022-09-01,GB,Coventry,wind-speed,72,0.8,4.1,2.1,9.14
2022-09-01,GB,Coventry,pm25,64,14.0,23.0,19.0,53.67
2022-09-01,GB,Coventry,humidity,72,46.0,93.9,65.9,2901.41
2022-09-01,GB,Coventry,pm10,63,7.0,16.0,11.0,32.54
2022-09-02,GB,Coventry,humidity,72,65.4,87.7,74.7,499.36
2022-09-02,GB,Coventry,pm10,72,11.0,29.0,13.0,166.9
2022-09-02,GB,Coventry,pm25,71,17.0,57.0,25.0,894.51
2022-09-02,GB,Coventry,wind-speed,57,0.1,1.8,1.0,1.81
2022-09-03,GB,Coventry,pm25,48,19.0,92.0,55.0,3152.75
2022-09-03,GB,Coventry,wind-speed,45,0.1,2.0,1.6,3.57
2022-09-03,GB,Coventry,pm10,66,8.0,35.0,20.0,334.17
2022-09-03,GB,Coventry,humidity,72,56.5,93.5,63.7,1716.75
2022-09-04,GB,Coventry,humidity,72,58.4,86.3,72.3,513.39
2022-09-04,GB,Coventry,pm10,53,8.0,17.0,12.0,67.06
2022-09-04,GB,Coventry,pm25,45,21.0,54.0,34.0,1206.74
2022-09-04,GB,Coventry,wind-speed,72,0.1,4.4,2.0,16.18
2022-09-05,GB,Coventry,humidity,72,54.1,95.9,82.3,1624.14
2022-09-05,GB,Coventry,pm10,63,4.0,14.0,10.0,27.13
2022-09-05,GB,Coventry,pm25,56,7.0,30.0,24.0,261.25
2022-09-05,GB,Coventry,wind-speed,51,0.2,3.5,1.6,10.74
2022-09-06,GB,Coventry,wind-speed,48,0.1,3.3,1.5,9.7
2022-09-06,GB,Coventry,humidity,72,61.7,97.0,84.8,1334.97
2022-09-06,GB,Coventry,pm10,69,3.0,15.0,8.0,56.01
2022-09-06,GB,Coventry,pm25,62,5.0,44.0,19.0,786.06
2022-09-07,GB,Coventry,pm25,51,12.0,32.0,21.0,140.67
2022-09-07,GB,Coventry,wind-speed,63,0.2,4.0,1.4,14.38
2022-09-07,GB,Coventry,humidity,72,55.6,94.0,79.8,1302.17
2022-09-07,GB,Coventry,pm10,53,5.0,14.0,9.0,29.83
2022-09-08,GB,Coventry,pm25,65,12.0,31.0,21.0,137.68
2022-09-08,GB,Coventry,wind-speed,42,0.1,2.7,0.6,7.28
2022-09-08,GB,Coventry,humidity,72,67.4,95.0,86.7,585.31
2022-09-08,GB,Coventry,pm10,62,5.0,12.0,9.0,18.69
2022-09-09,GB,Coventry,wind-speed,36,0.5,3.2,1.0,8.68
2022-09-09,GB,Coventry,pm25,65,18.0,60.0,35.0,1294.68
2022-09-09,GB,Coventry,humidity,72,62.8,97.9,90.6,1258.4
2022-09-09,GB,Coventry,pm10,68,7.0,24.0,12.0,121.42
2022-09-10,GB,Coventry,humidity,72,59.0,93.0,85.0,1360.0
2022-09-10,GB,Coventry,pm10,65,8.0,12.0,10.0,15.7
2022-09-10,GB,Coventry,pm25,58,17.0,39.0,25.0,387.75
2022-09-10,GB,Coventry,wind-speed,57,0.1,2.4,1.2,4.9
2022-09-11,GB,Coventry,humidity,72,61.4,97.0,79.7,2018.58
2022-09-11,GB,Coventry,pm10,67,8.0,14.0,10.0,13.13
2022-09-11,GB,Coventry,pm25,52,24.0,50.0,31.0,304.48
2022-09-11,GB,Coventry,wind-speed,45,0.1,2.5,1.2,4.53
2022-09-12,GB,Coventry,wind-speed,36,0.2,2.4,0.5,3.3
2022-09-12,GB,Coventry,pm25,44,19.0,55.0,41.0,1043.76
2022-09-12,GB,Coventry,humidity,72,71.0,88.6,82.9,262.69
2022-09-12,GB,Coventry,pm10,61,6.0,18.0,12.0,61.51
2022-09-13,GB,Coventry,humidity,72,55.9,89.3,79.8,1361.96
2022-09-13,GB,Coventry,pm10,64,4.0,15.0,9.0,27.93
2022-09-13,GB,Coventry,pm25,57,12.0,34.0,21.0,276.05
2022-09-13,GB,Coventry,wind-speed,45,0.1,3.0,0.8,8.01
2022-09-14,GB,Coventry,humidity,72,58.0,97.0,75.1,2007.67
2022-09-14,GB,Coventry,pm10,70,5.0,21.0,13.0,104.72
2022-09-14,GB,Coventry,pm25,68,13.0,53.0,34.0,976.3
2022-09-14,GB,Coventry,wind-speed,45,0.3,4.9,2.5,16.98
2022-09-15,GB,Coventry,wind-speed,72,0.3,4.2,1.9,10.38
2022-09-15,GB,Coventry,pm25,50,12.0,34.0,21.0,383.17
2022-09-15,GB,Coventry,humidity,72,53.0,85.8,67.1,1099.64
2022-09-15,GB,Coventry,pm10,64,5.0,15.0,10.0,30.44
2022-09-16,GB,Coventry,humidity,72,40.3,84.4,59.2,2146.66
2022-09-16,GB,Coventry,pm10,65,5.0,12.0,8.0,24.97
2022-09-16,GB,Coventry,pm25,50,9.0,35.0,13.0,288.75
2022-09-16,GB,Coventry,wind-speed,72,0.2,5.1,2.4,26.52
2022-09-17,GB,Coventry,humidity,72,41.5,92.9,62.4,3102.54
2022-09-17,GB,Coventry,pm10,52,5.0,10.0,6.0,18.83
2022-09-17,GB,Coventry,pm25,55,9.0,28.0,13.0,200.03
2022-09-17,GB,Coventry,wind-speed,42,0.4,5.5,3.0,19.45
2022-09-18,GB,Coventry,humidity,72,56.8,92.0,72.5,1078.06
2022-09-18,GB,Coventry,pm10,55,5.0,9.0,5.0,10.54
2022-09-18,GB,Coventry,pm25,59,9.0,26.0,12.0,148.59
2022-09-18,GB,Coventry,wind-speed,45,0.5,5.7,3.9,23.0
2022-09-19,GB,Coventry,pm25,68,9.0,35.0,15.0,244.49
2022-09-19,GB,Coventry,wind-speed,15,0.2,2.4,0.4,7.53
2022-09-19,GB,Coventry,humidity,69,73.8,95.0,85.1,650.84
2022-09-19,GB,Coventry,pm10,66,4.0,11.0,6.0,16.77
2022-09-20,GB,Coventry,wind-speed,15,0.1,1.0,0.6,0.87
2022-09-20,GB,Coventry,pm25,56,18.0,52.0,30.0,585.3
2022-09-20,GB,Coventry,pm10,58,7.0,18.0,10.0,63.64
2022-09-20,GB,Coventry,humidity,72,50.4,97.0,71.9,3288.4
2022-09-21,GB,Coventry,humidity,72,51.2,91.0,75.2,1713.52
2022-09-21,GB,Coventry,pm10,69,8.0,22.0,11.0,131.03
2022-09-21,GB,Coventry,pm25,67,17.0,57.0,28.0,744.37
2022-09-21,GB,Coventry,wind-speed,15,0.1,1.6,0.9,2.8
2022-09-22,GB,Coventry,humidity,72,54.3,96.0,82.9,2019.74
2022-09-22,GB,Coventry,pm10,51,7.0,18.0,11.0,78.92
2022-09-22,GB,Coventry,pm25,50,20.0,52.0,34.0,760.23
2022-09-22,GB,Coventry,wind-speed,36,0.3,4.0,1.5,14.35
2022-09-23,GB,Coventry,wind-speed,69,0.1,3.0,2.0,7.08
2022-09-23,GB,Coventry,pm25,40,13.0,48.0,26.0,915.58
2022-09-23,GB,Coventry,humidity,72,50.2,93.7,72.6,2794.5
2022-09-23,GB,Coventry,pm10,45,5.0,18.0,10.0,59.55
2022-09-24,GB,Coventry,humidity,72,59.5,93.5,79.8,1289.06
2022-09-24,GB,Coventry,pm10,63,6.0,10.0,8.0,11.43
2022-09-24,GB,Coventry,pm25,58,14.0,30.0,20.0,183.94
2022-09-24,GB,Coventry,wind-speed,54,0.2,2.9,1.5,6.83
2022-09-25,GB,Coventry,pm25,51,11.0,31.0,21.0,187.93
2022-09-25,GB,Coventry,wind-speed,42,0.1,2.2,1.0,3.61
2022-09-25,GB,Coventry,pm10,58,5.0,12.0,8.0,17.12
2022-09-25,GB,Coventry,humidity,72,51.9,93.0,71.5,2140.71
2022-09-26,GB,Coventry,humidity,72,54.0,93.4,77.8,1125.02
2022-09-26,GB,Coventry,pm10,63,4.0,20.0,9.0,132.85
2022-09-26,GB,Coventry,pm25,63,10.0,47.0,17.0,621.28
2022-09-26,GB,Coventry,wind-speed,72,1.5,6.8,4.0,19.77
2022-09-27,GB,Coventry,humidity,72,73.6,90.8,82.0,225.61
2022-09-27,GB,Coventry,pm10,60,6.0,24.0,9.0,74.4
2022-09-27,GB,Coventry,pm25,62,12.0,29.0,17.0,136.1
2022-09-27,GB,Coventry,wind-speed,69,0.1,4.5,1.4,15.56
2022-09-28,GB,Coventry,wind-speed,45,0.2,3.5,2.1,12.72
2022-09-28,GB,Coventry,humidity,72,49.6,96.0,77.0,2642.34
2022-09-28,GB,Coventry,pm10,55,5.0,12.0,9.0,18.03
2022-09-28,GB,Coventry,pm25,45,12.0,29.0,17.0,153.16
2022-09-29,GB,Coventry,pm25,67,10.0,32.0,17.0,331.62
2022-09-29,GB,Coventry,wind-speed,45,0.2,3.2,1.1,6.03
2022-09-29,GB,Coventry,humidity,72,57.3,94.0,84.8,1368.77
2022-09-29,GB,Coventry,pm10,67,4.0,19.0,7.0,76.38
2022-09-30,GB,Coventry,pm10,66,6.0,17.0,10.0,32.68
2022-09-30,GB,Coventry,pm25,60,13.0,39.0,27.0,316.55
2022-09-30,GB,Coventry,humidity,72,75.2,97.0,95.0,355.14
2022-09-30,GB,Coventry,wind-speed,42,0.1,5.0,3.1,30.93
2022-10-01,GB,Coventry,wind-speed,48,0.1,3.6,0.9,16.82
2022-10-01,GB,Coventry,pm25,68,14.0,28.0,20.0,68.47
2022-10-01,GB,Coventry,pm10,72,7.0,11.0,9.0,11.64
2022-10-01,GB,Coventry,humidity,72,58.8,96.8,78.7,1997.77
2022-10-02,GB,Coventry,humidity,72,54.1,94.3,85.8,2344.84
2022-10-02,GB,Coventry,pm10,71,9.0,16.0,10.0,22.1
2022-10-02,GB,Coventry,pm25,69,21.0,50.0,23.0,471.16
2022-10-02,GB,Coventry,wind-speed,27,0.1,3.2,1.6,7.56
2022-10-03,GB,Coventry,humidity,72,59.4,97.0,80.4,2023.78
2022-10-03,GB,Coventry,pm10,52,5.0,20.0,10.0,51.03
2022-10-03,GB,Coventry,pm25,45,15.0,37.0,26.0,180.91
2022-10-03,GB,Coventry,wind-speed,42,0.1,2.3,0.8,5.13
2022-10-04,GB,Coventry,wind-speed,72,0.4,4.6,2.8,11.55
2022-10-04,GB,Coventry,pm25,51,8.0,28.0,17.0,177.7
2022-10-04,GB,Coventry,humidity,72,68.9,89.3,79.6,390.56
2022-10-04,GB,Coventry,pm10,58,4.0,43.0,7.0,282.65
2022-10-05,GB,Coventry,humidity,72,72.0,90.0,81.2,201.31
2022-10-05,GB,Coventry,pm10,57,5.0,21.0,7.0,80.94
2022-10-05,GB,Coventry,pm25,56,10.0,24.0,13.0,62.79
2022-10-05,GB,Coventry,wind-speed,72,0.1,6.0,4.0,38.17
2022-10-06,GB,Coventry,humidity,72,62.1,89.2,72.5,745.46
2022-10-06,GB,Coventry,pm10,68,7.0,19.0,10.0,97.58
2022-10-06,GB,Coventry,pm25,67,13.0,32.0,21.0,258.95
2022-10-06,GB,Coventry,wind-speed,69,0.2,4.0,2.9,18.83
2022-10-07,GB,Coventry,wind-speed,66,0.2,6.0,2.5,33.88
2022-10-07,GB,Coventry,pm25,40,10.0,23.0,18.0,86.13
2022-10-07,GB,Coventry,humidity,72,67.0,91.3,82.6,479.37
2022-10-07,GB,Coventry,pm10,56,5.0,18.0,9.0,58.44
2022-10-08,GB,Coventry,humidity,72,48.5,92.6,84.4,2387.27
2022-10-08,GB,Coventry,pm10,66,5.0,22.0,8.0,118.31
2022-10-08,GB,Coventry,pm25,70,10.0,65.0,17.0,1465.07
2022-10-08,GB,Coventry,wind-speed,36,0.1,1.9,0.5,4.13
2022-10-09,GB,Coventry,wind-speed,48,0.2,4.1,1.1,20.76
2022-10-09,GB,Coventry,humidity,72,52.9,97.0,72.3,2587.88
2022-10-09,GB,Coventry,pm10,36,7.0,17.0,10.0,48.29
2022-10-09,GB,Coventry,pm25,41,18.0,53.0,25.0,653.56
2022-10-10,GB,Coventry,wind-speed,45,0.3,6.2,2.4,39.99
2022-10-10,GB,Coventry,pm25,69,17.0,52.0,23.0,868.1
2022-10-10,GB,Coventry,humidity,72,50.8,93.4,78.1,2207.6
2022-10-10,GB,Coventry,pm10,68,7.0,19.0,11.0,120.93
2022-10-11,GB,Coventry,pm25,60,30.0,70.0,34.0,852.71
2022-10-11,GB,Coventry,humidity,72,51.6,97.0,88.4,2660.73
2022-10-11,GB,Coventry,pm10,64,11.0,25.0,14.0,100.16
2022-10-11,GB,Coventry,wind-speed,12,0.2,0.8,0.3,0.57
2022-10-12,GB,Coventry,wind-speed,36,0.2,3.1,1.4,9.47
2022-10-12,GB,Coventry,pm25,39,30.0,48.0,36.0,252.35
2022-10-12,GB,Coventry,pm10,44,9.0,15.0,13.0,17.39
2022-10-12,GB,Coventry,humidity,72,64.3,96.0,85.2,1345.73
2022-10-13,GB,Coventry,humidity,72,64.9,96.4,92.6,1107.95
2022-10-13,GB,Coventry,pm10,63,10.0,20.0,12.0,57.95
2022-10-13,GB,Coventry,pm25,70,30.0,62.0,37.0,488.4
2022-10-13,GB,Coventry,wind-speed,12,0.1,0.4,0.1,0.25
2022-10-14,GB,Coventry,pm25,55,23.0,52.0,38.0,425.69
2022-10-14,GB,Coventry,wind-speed,21,0.2,1.3,0.5,1.49
2022-10-14,GB,Coventry,humidity,72,70.5,96.8,95.0,769.54
2022-10-14,GB,Coventry,pm10,55,8.0,42.0,12.0,190.91
2022-10-15,GB,Coventry,humidity,72,61.0,97.0,75.0,1757.36
2022-10-15,GB,Coventry,pm10,68,6.0,46.0,10.0,230.6
2022-10-15,GB,Coventry,pm25,63,17.0,42.0,23.0,235.11
2022-10-15,GB,Coventry,wind-speed,69,0.3,3.7,2.4,7.99
2022-10-16,GB,Coventry,wind-speed,72,0.2,4.5,1.4,13.41
2022-10-16,GB,Coventry,humidity,72,52.3,94.0,80.1,1950.33
2022-10-16,GB,Coventry,pm10,56,2.0,12.0,9.0,45.44
2022-10-16,GB,Coventry,pm25,58,6.0,29.0,17.0,248.91
2022-10-17,GB,Coventry,pm25,63,6.0,34.0,22.0,309.99
2022-10-17,GB,Coventry,wind-speed,60,0.1,4.4,1.7,16.66
2022-10-17,GB,Coventry,humidity,72,62.5,94.5,80.3,1050.07
2022-10-17,GB,Coventry,pm10,62,3.0,27.0,11.0,200.46
2022-10-18,GB,Coventry,humidity,72,52.4,98.0,83.5,2545.85
2022-10-18,GB,Coventry,pm10,54,8.0,18.0,10.0,46.07
2022-10-18,GB,Coventry,pm25,58,19.0,43.0,23.0,199.23
2022-10-18,GB,Coventry,wind-speed,33,0.1,2.0,0.5,3.89
2022-10-19,GB,Coventry,humidity,72,60.9,90.5,82.0,908.29
2022-10-19,GB,Coventry,pm10,59,9.0,16.0,10.0,21.85
2022-10-19,GB,Coventry,pm25,55,21.0,41.0,23.0,199.85
2022-10-19,GB,Coventry,wind-speed,72,1.0,4.6,2.8,15.66
2022-10-20,GB,Coventry,wind-speed,12,0.5,2.0,1.0,3.22
2022-10-20,GB,Coventry,pm25,45,14.0,84.0,55.0,2656.34
2022-10-20,GB,Coventry,pm10,54,4.0,45.0,20.0,869.67
2022-10-20,GB,Coventry,humidity,72,85.0,96.7,91.8,111.51
2022-10-21,GB,Coventry,humidity,72,89.2,98.0,93.6,82.32
2022-10-21,GB,Coventry,pm10,57,5.0,19.0,13.0,137.54
2022-10-21,GB,Coventry,pm25,48,12.0,51.0,38.0,1137.44
2022-10-21,GB,Coventry,wind-speed,54,0.7,4.0,2.6,8.85
2022-10-22,GB,Coventry,wind-speed,69,0.1,3.0,1.2,5.23
2022-10-22,GB,Coventry,humidity,72,64.9,94.5,90.3,829.48
2022-10-22,GB,Coventry,pm10,44,5.0,301.0,9.0,24718.1
2022-10-22,GB,Coventry,pm25,42,15.0,165.0,21.0,7465.12
2022-10-23,GB,Coventry,pm25,44,13.0,46.0,23.0,833.55
2022-10-23,GB,Coventry,wind-speed,45,0.1,2.5,0.6,5.92
2022-10-23,GB,Coventry,humidity,72,74.1,96.3,95.0,469.3
2022-10-23,GB,Coventry,pm10,52,5.0,39.0,9.0,1275.79
2022-10-24,GB,Coventry,humidity,72,78.1,97.0,92.3,487.73
2022-10-24,GB,Coventry,pm10,66,5.0,16.0,7.0,34.19
2022-10-24,GB,Coventry,pm25,71,13.0,31.0,16.0,102.18
2022-10-24,GB,Coventry,wind-speed,60,0.1,4.1,1.0,13.5
2022-10-25,GB,Coventry,pm25,69,13.0,28.0,17.0,112.24
2022-10-25,GB,Coventry,wind-speed,48,0.1,3.5,1.3,9.84
2022-10-25,GB,Coventry,humidity,72,70.7,96.0,86.7,562.94
2022-10-25,GB,Coventry,pm10,66,5.0,11.0,8.0,16.35
2022-10-26,GB,Coventry,humidity,72,60.0,90.2,83.1,1117.63
2022-10-26,GB,Coventry,pm10,65,7.0,20.0,12.0,134.51
2022-10-26,GB,Coventry,pm25,67,17.0,43.0,23.0,755.74
2022-10-26,GB,Coventry,wind-speed,72,1.5,5.3,3.0,10.93
2022-10-27,GB,Coventry,wind-speed,54,0.1,2.5,1.1,3.45
2022-10-27,GB,Coventry,humidity,72,80.8,96.0,91.3,235.94
2022-10-27,GB,Coventry,pm10,64,11.0,18.0,14.0,25.23
2022-10-27,GB,Coventry,pm25,54,30.0,46.0,38.0,157.38
2022-10-28,GB,Coventry,pm25,50,21.0,41.0,30.0,341.63
2022-10-28,GB,Coventry,wind-speed,69,0.3,4.5,1.3,15.03
2022-10-28,GB,Coventry,humidity,72,63.7,96.0,86.3,995.04
2022-10-28,GB,Coventry,pm10,53,10.0,19.0,13.0,67.55
2022-10-29,GB,Coventry,humidity,72,72.7,95.0,89.3,610.47
2022-10-29,GB,Coventry,pm10,68,8.0,16.0,11.0,40.74
2022-10-29,GB,Coventry,pm25,70,18.0,39.0,27.0,160.72
2022-10-29,GB,Coventry,wind-speed,66,0.1,3.3,1.1,10.99
2022-10-30,GB,Coventry,humidity,72,73.9,95.0,87.4,380.6
2022-10-30,GB,Coventry,pm10,69,10.0,14.0,12.0,12.24
2022-10-30,GB,Coventry,pm25,63,21.0,32.0,27.0,80.1
2022-10-30,GB,Coventry,wind-speed,63,0.4,4.6,2.0,15.41
2022-10-31,GB,Coventry,wind-speed,69,0.2,3.7,1.1,10.23
2022-10-31,GB,Coventry,pm25,42,25.0,51.0,26.0,613.13
2022-10-31,GB,Coventry,pm10,60,10.0,17.0,11.0,33.32
2022-10-31,GB,Coventry,humidity,72,71.9,95.5,92.5,608.84
2022-11-01,GB,Coventry,humidity,72,71.6,93.4,85.4,234.23
2022-11-01,GB,Coventry,pm10,61,5.0,11.0,9.0,20.39
2022-11-01,GB,Coventry,pm25,51,10.0,33.0,21.0,178.24
2022-11-01,GB,Coventry,wind-speed,72,1.5,5.5,3.0,10.21
2022-11-02,GB,Coventry,wind-speed,72,0.8,6.9,4.0,45.65
2022-11-02,GB,Coventry,humidity,72,71.4,91.8,85.0,414.49
2022-11-02,GB,Coventry,pm10,65,3.0,16.0,9.0,95.65
2022-11-02,GB,Coventry,pm25,69,7.0,32.0,18.0,417.68
2022-11-03,GB,Coventry,pm25,55,17.0,63.0,22.0,840.13
2022-11-03,GB,Coventry,wind-speed,24,0.1,2.2,0.6,6.21
2022-11-03,GB,Coventry,humidity,72,67.2,96.0,91.0,733.68
2022-11-03,GB,Coventry,pm10,69,7.0,22.0,10.0,63.08
2022-11-04,GB,Coventry,humidity,72,68.6,96.0,86.0,986.96
2022-11-04,GB,Coventry,pm10,64,10.0,34.0,15.0,226.42
2022-11-04,GB,Coventry,pm25,56,34.0,86.0,48.0,1425.56
2022-11-04,GB,Coventry,wind-speed,51,0.1,5.0,0.7,24.99
2022-11-05,GB,Coventry,humidity,72,84.6,96.0,90.5,100.08
2022-11-05,GB,Coventry,pm10,59,9.0,69.0,13.0,1250.76
2022-11-05,GB,Coventry,pm25,50,25.0,163.0,39.0,8477.83
2022-11-05,GB,Coventry,wind-speed,51,0.1,3.3,1.5,9.49
2022-11-06,GB,Coventry,wind-speed,48,0.1,3.0,1.5,8.46
2022-11-06,GB,Coventry,pm25,53,34.0,80.0,53.0,969.29
2022-11-06,GB,Coventry,humidity,72,89.1,98.7,95.6,121.12
2022-11-06,GB,Coventry,pm10,55,10.0,31.0,15.0,172.88
2022-11-07,GB,Coventry,humidity,72,79.6,93.4,88.8,172.82
2022-11-07,GB,Coventry,pm10,68,8.0,17.0,12.0,38.76
2022-11-07,GB,Coventry,pm25,55,21.0,40.0,30.0,303.89
2022-11-07,GB,Coventry,wind-speed,72,1.6,7.2,2.7,21.25
2022-11-08,GB,Coventry,humidity,72,73.1,93.9,83.1,407.71
2022-11-08,GB,Coventry,pm10,66,8.0,14.0,10.0,16.91
2022-11-08,GB,Coventry,pm25,58,17.0,36.0,23.0,170.53
2022-11-08,GB,Coventry,wind-speed,72,1.2,7.4,3.3,22.77
2022-11-09,GB,Coventry,wind-speed,72,0.5,3.5,1.8,5.35
2022-11-09,GB,Coventry,pm25,48,17.0,28.0,21.0,100.95
2022-11-09,GB,Coventry,pm10,59,8.0,13.0,9.0,11.15
2022-11-09,GB,Coventry,humidity,72,70.6,91.0,86.3,291.15
2022-11-10,GB,Coventry,humidity,72,78.4,90.0,82.6,112.14
2022-11-10,GB,Coventry,pm10,58,7.0,10.0,8.0,8.62
2022-11-10,GB,Coventry,pm25,42,10.0,30.0,18.0,143.53
2022-11-10,GB,Coventry,wind-speed,72,2.8,6.1,4.5,8.0
2022-11-11,GB,Coventry,wind-speed,69,0.5,4.9,3.3,17.22
2022-11-11,GB,Coventry,humidity,72,76.1,91.3,78.5,183.54
2022-11-11,GB,Coventry,pm10,59,2.0,10.0,7.0,26.03
2022-11-11,GB,Coventry,pm25,53,6.0,29.0,17.0,251.52
2022-11-12,GB,Coventry,wind-speed,30,0.1,2.6,0.4,5.76
2022-11-12,GB,Coventry,pm25,72,17.0,85.0,38.0,2097.43
2022-11-12,GB,Coventry,pm10,71,7.0,33.0,12.0,198.71
2022-11-12,GB,Coventry,humidity,60,78.8,94.3,91.3,188.3
2022-11-13,GB,Coventry,wind-speed,54,0.2,1.3,0.8,1.13
2022-11-13,GB,Coventry,humidity,72,84.1,97.0,96.1,106.43
2022-11-13,GB,Coventry,pm10,58,14.0,25.0,16.0,60.05
2022-11-13,GB,Coventry,pm25,56,48.0,70.0,55.0,233.71
2022-11-14,GB,Coventry,pm25,58,55.0,70.0,61.0,176.21
2022-11-14,GB,Coventry,wind-speed,12,0.1,1.0,0.1,1.66
2022-11-14,GB,Coventry,humidity,72,92.1,98.0,97.0,35.1
2022-11-14,GB,Coventry,pm10,67,16.0,25.0,19.0,38.59
2022-11-15,GB,Coventry,pm25,72,9.0,55.0,25.0,1923.28
2022-11-15,GB,Coventry,wind-speed,69,0.2,5.8,1.9,31.81
2022-11-15,GB,Coventry,humidity,72,89.1,95.3,93.5,27.41
2022-11-15,GB,Coventry,pm10,71,4.0,18.0,10.0,137.4
2022-11-16,GB,Coventry,humidity,72,78.0,96.4,94.0,332.8
2022-11-16,GB,Coventry,pm10,57,4.0,14.0,5.0,45.01
2022-11-16,GB,Coventry,pm25,59,9.0,28.0,11.0,309.09
2022-11-16,GB,Coventry,wind-speed,63,0.1,4.1,1.0,10.2
2022-11-17,GB,Coventry,humidity,72,78.6,95.0,90.1,345.73
2022-11-17,GB,Coventry,pm10,50,3.0,28.0,6.0,119.25
2022-11-17,GB,Coventry,pm25,54,9.0,31.0,16.0,128.67
2022-11-17,GB,Coventry,wind-speed,72,2.5,6.9,4.4,17.53
2022-11-18,GB,Coventry,wind-speed,60,0.1,2.8,1.5,7.65
2022-11-18,GB,Coventry,pm25,47,9.0,45.0,15.0,724.18
2022-11-18,GB,Coventry,humidity,72,73.5,89.2,80.9,233.46
2022-11-18,GB,Coventry,pm10,60,4.0,15.0,6.0,87.06
2022-11-19,GB,Coventry,humidity,72,71.7,96.7,87.6,480.3
2022-11-19,GB,Coventry,pm10,71,8.0,21.0,11.0,116.31
2022-11-19,GB,Coventry,pm25,69,19.0,61.0,27.0,1488.43
2022-11-19,GB,Coventry,wind-speed,39,0.1,2.3,0.6,3.9
2022-11-20,GB,Coventry,humidity,72,77.9,96.0,92.9,333.73
2022-11-20,GB,Coventry,pm10,62,9.0,17.0,12.0,38.02
2022-11-20,GB,Coventry,pm25,47,22.0,57.0,34.0,419.83
2022-11-20,GB,Coventry,wind-speed,48,0.1,1.9,0.6,3.09
2022-11-21,GB,Coventry,wind-speed,48,0.5,4.0,2.2,11.36
2022-11-21,GB,Coventry,pm25,63,21.0,33.0,25.0,141.02
2022-11-21,GB,Coventry,pm10,57,8.0,13.0,10.0,23.36
2022-11-21,GB,Coventry,humidity,72,91.5,97.0,94.8,22.43
2022-11-22,GB,Coventry,humidity,72,84.5,98.0,94.2,171.75
2022-11-22,GB,Coventry,pm10,70,2.0,23.0,9.0,144.26
2022-11-22,GB,Coventry,pm25,62,4.0,69.0,26.0,1865.47
2022-11-22,GB,Coventry,wind-speed,39,0.2,2.4,1.3,4.17
2022-11-23,GB,Coventry,humidity,72,74.4,98.4,88.7,642.28
2022-11-23,GB,Coventry,pm10,59,7.0,12.0,10.0,14.5
2022-11-23,GB,Coventry,pm25,41,17.0,44.0,30.0,503.98
2022-11-23,GB,Coventry,wind-speed,69,0.2,5.1,2.7,16.52
2022-11-24,GB,Coventry,pm25,70,12.0,47.0,26.0,750.82
2022-11-24,GB,Coventry,wind-speed,72,0.3,6.3,2.9,30.73
2022-11-24,GB,Coventry,pm10,69,4.0,21.0,11.0,161.33
2022-11-24,GB,Coventry,humidity,72,80.1,94.4,87.3,149.96
2022-11-25,GB,Coventry,humidity,72,73.4,94.4,88.2,407.68
2022-11-25,GB,Coventry,pm10,66,7.0,18.0,11.0,59.26
2022-11-25,GB,Coventry,pm25,57,17.0,51.0,29.0,388.48
2022-11-25,GB,Coventry,wind-speed,66,0.1,5.3,1.0,16.82
2022-11-26,GB,Coventry,humidity,72,79.0,94.7,88.6,272.64
2022-11-26,GB,Coventry,pm10,62,10.0,15.0,12.0,11.19
2022-11-26,GB,Coventry,pm25,51,25.0,34.0,30.0,50.74
2022-11-26,GB,Coventry,wind-speed,69,0.1,5.7,3.4,33.3
2022-11-27,GB,Coventry,wind-speed,21,0.1,3.7,1.0,15.27
2022-11-27,GB,Coventry,pm25,69,3.0,68.0,46.0,2849.86
2022-11-27,GB,Coventry,humidity,72,85.3,98.0,95.0,106.99
2022-11-27,GB,Coventry,pm10,72,1.0,33.0,17.0,659.81
2022-11-28,GB,Coventry,humidity,72,95.0,99.0,98.0,15.47
2022-11-28,GB,Coventry,pm10,68,12.0,25.0,18.0,76.8
2022-11-28,GB,Coventry,pm25,57,34.0,70.0,46.0,642.9
2022-11-29,GB,Coventry,humidity,72,98.0,98.0,98.0,0.0
2022-11-29,GB,Coventry,pm10,57,12.0,19.0,15.0,27.66
2022-11-29,GB,Coventry,pm25,59,42.0,61.0,51.0,137.6
2022-11-29,GB,Coventry,wind-speed,9,0.1,0.2,0.2,0.03
2022-11-30,GB,Coventry,pm25,71,28.0,72.0,57.0,799.61
2022-11-30,GB,Coventry,pm10,70,7.0,25.0,17.0,154.65
2022-11-30,GB,Coventry,humidity,72,85.0,98.0,91.2,186.13
2022-12-01,GB,Coventry,humidity,72,90.4,97.0,92.7,35.49
2022-12-01,GB,Coventry,pm10,65,13.0,38.0,19.0,133.52
2022-12-01,GB,Coventry,pm25,65,48.0,76.0,59.0,171.95
2022-12-02,GB,Coventry,humidity,72,92.4,99.0,97.0,45.98
2022-12-02,GB,Coventry,pm10,62,4.0,28.0,18.0,314.91
2022-12-02,GB,Coventry,pm25,60,15.0,77.0,59.0,1676.21
2022-12-02,GB,Coventry,wind-speed,45,0.2,2.3,1.3,3.89
2022-12-03,GB,Coventry,wind-speed,69,0.5,4.7,2.4,14.97
2022-12-03,GB,Coventry,pm25,58,26.0,57.0,42.0,880.03
2022-12-03,GB,Coventry,humidity,72,84.8,94.8,92.6,94.17
2022-12-03,GB,Coventry,pm10,57,9.0,18.0,13.0,77.49
2022-12-04,GB,Coventry,humidity,72,83.3,95.0,91.8,136.5
2022-12-04,GB,Coventry,pm10,71,5.0,22.0,12.0,194.94
2022-12-04,GB,Coventry,pm25,70,18.0,66.0,42.0,2176.35
2022-12-04,GB,Coventry,wind-speed,72,1.1,2.7,2.0,2.21
2022-12-05,GB,Coventry,wind-speed,72,1.0,3.3,2.0,4.55
2022-12-05,GB,Coventry,humidity,72,89.0,95.4,91.3,39.6
2022-12-05,GB,Coventry,pm10,63,10.0,16.0,12.0,21.71
2022-12-05,GB,Coventry,pm25,61,30.0,53.0,42.0,418.55
2022-12-06,GB,Coventry,wind-speed,64,0.1,2.3,1.5,2.83
2022-12-06,GB,Coventry,pm25,54,21.0,55.0,27.0,1290.37
2022-12-06,GB,Coventry,humidity,72,84.5,94.3,90.0,72.28
2022-12-06,GB,Coventry,pm10,56,7.0,17.0,10.0,89.01
2022-12-07,GB,Coventry,wind-speed,33,0.1,2.0,0.6,3.65
2022-12-07,GB,Coventry,humidity,72,78.0,97.0,94.4,377.43
2022-12-07,GB,Coventry,pm10,69,10.0,25.0,14.0,70.12
2022-12-07,GB,Coventry,pm25,60,34.0,72.0,48.0,468.17
2022-12-08,GB,Coventry,pm10,66,13.0,25.0,18.0,84.24
2022-12-08,GB,Coventry,pm25,66,42.0,73.0,57.0,655.99
2022-12-08,GB,Coventry,humidity,72,71.6,98.8,93.0,705.22
2022-12-08,GB,Coventry,wind-speed,18,0.1,2.0,0.6,4.22
2022-12-09,GB,Coventry,wind-speed,12,0.1,0.6,0.1,0.46
2022-12-09,GB,Coventry,pm25,72,55.0,88.0,61.0,619.8
2022-12-09,GB,Coventry,humidity,72,72.1,97.0,90.5,466.48
2022-12-09,GB,Coventry,pm10,67,17.0,31.0,20.0,108.76
2022-12-10,GB,Coventry,humidity,72,82.3,98.5,97.0,247.72
2022-12-10,GB,Coventry,pm10,66,15.0,27.0,20.0,55.0
2022-12-10,GB,Coventry,pm25,61,55.0,80.0,63.0,309.22
2022-12-10,GB,Coventry,wind-speed,9,1.0,1.0,1.0,0.0
2022-12-11,GB,Coventry,wind-speed,27,0.4,1.0,0.6,0.36
2022-12-11,GB,Coventry,humidity,72,98.0,98.2,98.0,0.02
2022-12-11,GB,Coventry,pm10,68,14.0,30.0,20.0,111.5
2022-12-11,GB,Coventry,pm25,70,55.0,87.0,67.0,467.33
2022-12-12,GB,Coventry,wind-speed,54,0.1,1.5,0.5,1.03
2022-12-12,GB,Coventry,pm25,69,59.0,83.0,69.0,331.66
2022-12-12,GB,Coventry,humidity,72,88.8,98.0,95.7,78.27
2022-12-12,GB,Coventry,pm10,67,16.0,28.0,21.0,70.85
2022-12-13,GB,Coventry,wind-speed,45,0.1,2.1,0.8,5.74
2022-12-13,GB,Coventry,humidity,72,86.3,96.0,93.5,72.9
2022-12-13,GB,Coventry,pm10,66,18.0,34.0,21.0,132.89
2022-12-13,GB,Coventry,pm25,64,61.0,91.0,67.0,621.39
2022-12-14,GB,Coventry,pm25,69,68.0,94.0,75.0,359.83
2022-12-14,GB,Coventry,wind-speed,66,0.2,2.3,1.5,4.7
2022-12-14,GB,Coventry,humidity,72,81.0,96.7,88.9,292.02
2022-12-14,GB,Coventry,pm10,72,21.0,37.0,25.0,86.28
2022-12-15,GB,Coventry,wind-speed,21,0.1,1.5,0.4,2.28
2022-12-15,GB,Coventry,pm25,64,53.0,116.0,65.0,1665.0
2022-12-15,GB,Coventry,humidity,72,69.5,96.1,88.9,681.24
2022-12-15,GB,Coventry,pm10,66,18.0,45.0,22.0,348.89
2022-12-16,GB,Coventry,humidity,72,82.0,98.0,95.0,182.39
2022-12-16,GB,Coventry,pm10,70,21.0,44.0,29.0,215.35
2022-12-16,GB,Coventry,pm25,70,65.0,101.0,80.0,805.77
2022-12-16,GB,Coventry,wind-speed,6,0.3,0.8,0.3,0.75
2022-12-17,GB,Coventry,wind-speed,18,0.3,0.9,0.5,0.52
2022-12-17,GB,Coventry,humidity,72,85.0,97.7,94.5,152.52
2022-12-17,GB,Coventry,pm10,70,15.0,30.0,22.0,154.13
2022-12-17,GB,Coventry,pm25,68,54.0,82.0,68.0,578.85
2022-12-18,GB,Coventry,humidity,72,91.2,97.0,96.0,45.92
2022-12-18,GB,Coventry,pm10,71,13.0,24.0,18.0,68.85
2022-12-18,GB,Coventry,pm25,72,50.0,73.0,59.0,317.39
2022-12-18,GB,Coventry,wind-speed,63,0.1,4.0,2.7,18.98
2022-12-19,GB,Coventry,pm10,71,2.0,13.0,6.0,101.08
2022-12-19,GB,Coventry,pm25,71,5.0,50.0,17.0,1827.9
2022-12-19,GB,Coventry,humidity,72,87.4,97.0,93.2,109.12
2022-12-19,GB,Coventry,wind-speed,72,2.6,7.1,4.0,20.27
2022-12-20,GB,Coventry,wind-speed,65,0.1,4.2,1.5,13.83
2022-12-20,GB,Coventry,pm25,64,4.0,52.0,32.0,2311.82
2022-12-20,GB,Coventry,pm10,64,2.0,22.0,14.0,424.59
2022-12-20,GB,Coventry,humidity,72,83.1,97.0,94.2,114.57
2022-12-21,GB,Coventry,humidity,72,82.3,98.0,92.0,151.92
2022-12-21,GB,Coventry,pm10,63,8.0,20.0,12.0,62.86
2022-12-21,GB,Coventry,pm25,55,8.0,65.0,30.0,717.41
2022-12-21,GB,Coventry,wind-speed,62,0.1,5.3,1.9,16.63
2022-12-22,GB,Coventry,pm25,65,21.0,57.0,30.0,956.65
2022-12-22,GB,Coventry,wind-speed,29,0.1,2.3,0.6,3.7
2022-12-22,GB,Coventry,humidity,72,96.0,99.0,98.0,5.88
2022-12-22,GB,Coventry,pm10,64,6.0,16.0,9.0,64.88
2022-12-23,GB,Coventry,humidity,72,91.3,99.0,98.0,28.13
2022-12-23,GB,Coventry,pm10,58,10.0,21.0,14.0,107.48
2022-12-23,GB,Coventry,pm25,49,38.0,67.0,46.0,822.35
2022-12-23,GB,Coventry,wind-speed,54,0.1,4.5,1.0,12.58
2022-12-24,GB,Coventry,wind-speed,53,0.2,4.8,2.0,17.73
2022-12-24,GB,Coventry,humidity,72,91.8,96.5,95.0,18.68
2022-12-24,GB,Coventry,pm10,56,9.0,18.0,11.0,52.26
2022-12-24,GB,Coventry,pm25,55,25.0,46.0,30.0,320.63
2022-12-25,GB,Coventry,pm25,36,17.0,30.0,25.0,140.92
2022-12-25,GB,Coventry,wind-speed,72,0.1,4.5,1.0,11.32
2022-12-25,GB,Coventry,humidity,72,91.0,96.0,94.0,18.89
2022-12-25,GB,Coventry,pm10,41,7.0,13.0,10.0,20.99
2022-12-26,GB,Coventry,humidity,72,78.6,92.7,89.0,124.84
2022-12-26,GB,Coventry,pm10,44,5.0,9.0,7.0,9.22
2022-12-26,GB,Coventry,pm25,40,13.0,21.0,17.0,57.63
2022-12-26,GB,Coventry,wind-speed,54,0.1,7.0,2.0,27.66
2022-12-27,GB,Coventry,humidity,72,86.5,96.0,94.0,56.8
2022-12-27,GB,Coventry,pm10,38,5.0,22.0,7.0,66.23
2022-12-27,GB,Coventry,pm25,24,13.0,55.0,17.0,663.9
2022-12-27,GB,Coventry,wind-speed,50,0.5,8.4,3.0,47.28
2022-12-28,GB,Coventry,wind-speed,62,0.2,8.1,3.0,44.61
2022-12-28,GB,Coventry,pm25,41,2.0,47.0,13.0,1461.98
2022-12-28,GB,Coventry,pm10,49,1.0,18.0,4.0,201.05
2022-12-28,GB,Coventry,humidity,72,83.0,97.0,94.1,176.75
2022-12-29,GB,Coventry,humidity,72,74.7,93.1,87.6,157.53
2022-12-29,GB,Coventry,pm10,51,7.0,27.0,9.0,92.74
2022-12-29,GB,Coventry,pm25,48,17.0,76.0,23.0,808.08
2022-12-29,GB,Coventry,wind-speed,70,0.1,7.5,2.6,42.0
2022-12-30,GB,Coventry,wind-speed,72,0.2,8.3,3.0,31.41
2022-12-30,GB,Coventry,humidity,72,78.1,95.5,89.8,143.99
2022-12-30,GB,Coventry,pm10,65,7.0,14.0,10.0,34.45
2022-12-30,GB,Coventry,pm25,62,17.0,37.0,23.0,209.82
2022-12-31,GB,Coventry,pm10,65,5.0,13.0,8.0,22.73
2022-12-31,GB,Coventry,pm25,57,5.0,51.0,21.0,347.9
2022-12-31,GB,Coventry,humidity,72,87.1,96.5,93.0,68.62
2022-12-31,GB,Coventry,wind-speed,58,0.2,7.1,1.8,30.61
